,收盘,signal
2010-12-17,1232.98,1.0
2010-12-20,1212.34,1.0
2010-12-21,1215.02,1.0
2010-12-22,1201.65,1.0
2010-12-23,1176.36,1.0
2010-12-24,1144.5,1.0
2010-12-27,1105.3,1.0
2010-12-28,1091.48,1.0
2010-12-29,1113.31,1.0
2010-12-30,1117.21,-1.0
2010-12-31,1137.66,-1.0
2011-01-04,1155.11,-1.0
2011-01-05,1155.35,1.0
2011-01-06,1134.79,1.0
2011-01-07,1126.52,1.0
2011-01-10,1093.77,1.0
2011-01-11,1078.36,1.0
2011-01-12,1089.67,1.0
2011-01-13,1093.86,1.0
2011-01-14,1067.42,1.0
2011-01-17,1028.16,1.0
2011-01-18,1025.72,1.0
2011-01-19,1048.54,1.0
2011-01-20,1020.39,1.0
2011-01-21,1024.51,1.0
2011-01-24,994.97,-1.0
2011-01-25,979.0,-1.0
2011-01-26,995.74,-1.0
2011-01-27,1013.02,-1.0
2011-01-28,1020.94,-1.0
2011-01-31,1029.12,-1.0
2011-02-01,1032.6,-1.0
2011-02-09,1025.15,-1.0
2011-02-10,1063.95,-1.0
2011-02-11,1071.58,-1.0
2011-02-14,1086.56,-1.0
2011-02-15,1087.72,-1.0
2011-02-16,1107.24,-1.0
2011-02-17,1115.33,-1.0
2011-02-18,1100.46,-1.0
2011-02-21,1117.67,-1.0
2011-02-22,1088.27,-1.0
2011-02-23,1114.05,-1.0
2011-02-24,1101.95,-1.0
2011-02-25,1095.1,-1.0
2011-02-28,1099.78,-1.0
2011-03-01,1098.0,-1.0
2011-03-02,1088.9,-1.0
2011-03-03,1064.31,-1.0
2011-03-04,1071.86,-1.0
2011-03-07,1078.11,-1.0
2011-03-08,1084.82,-1.0
2011-03-09,1087.3,-1.0
2011-03-10,1093.9,-1.0
2011-03-11,1101.76,-1.0
2011-03-14,1107.54,-1.0
2011-03-15,1094.95,-1.0
2011-03-16,1102.21,-1.0
2011-03-17,1078.37,-1.0
2011-03-18,1083.6,-1.0
2011-03-21,1070.6,-1.0
2011-03-22,1067.29,-1.0
2011-03-23,1076.56,-1.0
2011-03-24,1077.99,-1.0
2011-03-25,1072.34,-1.0
2011-03-28,1052.11,-1.0
2011-03-29,1019.04,-1.0
2011-03-30,1006.37,-1.0
2011-03-31,1008.3,-1.0
2011-04-01,1015.08,-1.0
2011-04-06,994.26,-1.0
2011-04-07,1004.41,-1.0
2011-04-08,1019.14,-1.0
2011-04-11,1002.8,1.0
2011-04-12,1000.16,1.0
2011-04-13,1020.75,1.0
2011-04-14,1016.62,1.0
2011-04-15,1010.06,1.0
2011-04-18,1003.26,1.0
2011-04-19,994.3,1.0
2011-04-20,1008.18,1.0
2011-04-21,1010.56,1.0
2011-04-22,1004.65,1.0
2011-04-25,975.17,1.0
2011-04-26,958.29,1.0
2011-04-27,942.54,1.0
2011-04-28,904.15,1.0
2011-04-29,912.72,1.0
2011-05-03,922.07,1.0
2011-05-04,903.98,1.0
2011-05-05,914.59,1.0
2011-05-06,918.28,1.0
2011-05-09,931.77,1.0
2011-05-10,931.21,1.0
2011-05-11,929.95,1.0
2011-05-12,909.26,1.0
2011-05-13,909.77,1.0
2011-05-16,906.34,1.0
2011-05-17,895.15,1.0
2011-05-18,890.79,1.0
2011-05-19,884.89,1.0
2011-05-20,875.43,1.0
2011-05-23,840.9,1.0
2011-05-24,870.94,1.0
2011-05-25,842.35,1.0
2011-05-26,830.92,1.0
2011-05-27,822.94,1.0
2011-05-30,834.32,1.0
2011-05-31,846.32,1.0
2011-06-01,851.17,1.0
2011-06-02,833.74,1.0
2011-06-03,847.54,1.0
2011-06-07,847.71,1.0
2011-06-08,844.98,1.0
2011-06-09,828.02,1.0
2011-06-10,824.03,1.0
2011-06-13,829.36,1.0
2011-06-14,838.47,1.0
2011-06-15,827.53,-1.0
2011-06-16,810.71,-1.0
2011-06-17,802.64,-1.0
2011-06-20,791.76,-1.0
2011-06-21,795.61,-1.0
2011-06-22,791.51,-1.0
2011-06-23,814.44,-1.0
2011-06-24,832.32,-1.0
2011-06-27,843.86,-1.0
2011-06-28,844.18,-1.0
2011-06-29,836.38,-1.0
2011-06-30,845.92,-1.0
2011-07-01,855.27,-1.0
2011-07-04,876.17,-1.0
2011-07-05,883.42,-1.0
2011-07-06,894.28,-1.0
2011-07-07,899.8,-1.0
2011-07-08,894.91,-1.0
2011-07-11,903.31,-1.0
2011-07-12,891.52,-1.0
2011-07-13,913.09,-1.0
2011-07-14,932.78,-1.0
2011-07-15,951.14,-1.0
2011-07-18,946.12,-1.0
2011-07-19,927.3,-1.0
2011-07-20,930.83,-1.0
2011-07-21,915.37,-1.0
2011-07-22,923.99,-1.0
2011-07-25,887.06,-1.0
2011-07-26,892.54,-1.0
2011-07-27,915.55,-1.0
2011-07-28,919.4,-1.0
2011-07-29,913.28,-1.0
2011-08-01,927.38,1.0
2011-08-02,932.12,1.0
2011-08-03,945.51,1.0
2011-08-04,937.47,1.0
2011-08-05,919.18,1.0
2011-08-08,877.44,1.0
2011-08-09,878.76,1.0
2011-08-10,891.75,1.0
2011-08-11,915.49,1.0
2011-08-12,926.3,1.0
2011-08-15,942.48,1.0
2011-08-16,933.14,1.0
2011-08-17,936.16,1.0
2011-08-18,915.68,1.0
2011-08-19,912.42,1.0
2011-08-22,910.61,1.0
2011-08-23,936.42,1.0
2011-08-24,940.2,1.0
2011-08-25,942.94,1.0
2011-08-26,952.81,1.0
2011-08-29,954.03,1.0
2011-08-30,934.18,1.0
2011-08-31,921.49,1.0
2011-09-01,917.75,1.0
2011-09-02,909.85,1.0
2011-09-05,883.87,1.0
2011-09-06,874.74,-1.0
2011-09-07,899.61,-1.0
2011-09-08,891.93,-1.0
2011-09-09,881.58,-1.0
2011-09-13,861.92,-1.0
2011-09-14,876.95,-1.0
2011-09-15,875.86,-1.0
2011-09-16,874.88,-1.0
2011-09-19,854.71,-1.0
2011-09-20,856.81,-1.0
2011-09-21,881.03,-1.0
2011-09-22,852.92,-1.0
2011-09-23,843.48,-1.0
2011-09-26,829.35,-1.0
2011-09-27,830.88,-1.0
2011-09-28,817.52,-1.0
2011-09-29,791.89,-1.0
2011-09-30,791.13,-1.0
2011-10-10,790.04,-1.0
2011-10-11,786.15,-1.0
2011-10-12,816.14,-1.0
2011-10-13,833.02,-1.0
2011-10-14,830.2,-1.0
2011-10-17,832.29,-1.0
2011-10-18,806.6,-1.0
2011-10-19,804.44,-1.0
2011-10-20,778.95,-1.0
2011-10-21,763.3,-1.0
2011-10-24,772.41,-1.0
2011-10-25,797.86,-1.0
2011-10-26,811.13,-1.0
2011-10-27,810.92,-1.0
2011-10-28,833.42,-1.0
2011-10-31,852.8,-1.0
2011-11-01,853.36,-1.0
2011-11-02,881.05,-1.0
2011-11-03,877.66,-1.0
2011-11-04,882.25,-1.0
2011-11-07,878.76,-1.0
2011-11-08,862.36,-1.0
2011-11-09,891.12,-1.0
2011-11-10,895.27,-1.0
2011-11-11,891.19,-1.0
2011-11-14,915.98,-1.0
2011-11-15,920.97,-1.0
2011-11-16,893.51,-1.0
2011-11-17,898.34,-1.0
2011-11-18,869.19,1.0
2011-11-21,863.13,1.0
2011-11-22,868.43,1.0
2011-11-23,864.81,1.0
2011-11-24,868.14,1.0
2011-11-25,863.5,1.0
2011-11-28,866.84,1.0
2011-11-29,880.31,1.0
2011-11-30,838.11,1.0
2011-12-01,852.87,1.0
2011-12-02,829.18,1.0
2011-12-05,792.5,-1.0
2011-12-06,798.1,-1.0
2011-12-07,802.63,-1.0
2011-12-08,809.43,-1.0
2011-12-09,798.84,-1.0
2011-12-12,790.79,-1.0
2011-12-13,768.92,-1.0
2011-12-14,755.76,-1.0
2011-12-15,746.56,-1.0
2011-12-16,778.78,-1.0
2011-12-19,793.44,-1.0
2011-12-20,781.42,-1.0
2011-12-21,761.34,-1.0
2011-12-22,757.9,-1.0
2011-12-23,761.44,-1.0
2011-12-26,753.05,-1.0
2011-12-27,727.17,-1.0
2011-12-28,717.55,-1.0
2011-12-29,716.55,-1.0
2011-12-30,729.5,-1.0
2012-01-04,707.11,-1.0
2012-01-05,666.91,-1.0
2012-01-06,669.02,-1.0
2012-01-09,692.42,1.0
2012-01-10,716.45,1.0
2012-01-11,717.94,1.0
2012-01-12,709.89,1.0
2012-01-13,666.08,1.0
2012-01-16,633.91,1.0
2012-01-17,662.69,1.0
2012-01-18,624.91,1.0
2012-01-19,632.8,1.0
2012-01-20,646.38,1.0
2012-01-30,651.25,1.0
2012-01-31,648.68,1.0
2012-02-01,650.78,1.0
2012-02-02,665.4,1.0
2012-02-03,680.05,1.0
2012-02-06,686.51,1.0
2012-02-07,673.68,1.0
2012-02-08,692.3,1.0
2012-02-09,697.79,1.0
2012-02-10,698.85,1.0
2012-02-13,714.96,1.0
2012-02-14,712.3,1.0
2012-02-15,724.75,1.0
2012-02-16,721.83,-1.0
2012-02-17,717.8,-1.0
2012-02-20,721.1,-1.0
2012-02-21,736.88,-1.0
2012-02-22,759.56,-1.0
2012-02-23,756.9,-1.0
2012-02-24,762.29,1.0
2012-02-27,760.37,1.0
2012-02-28,747.77,1.0
2012-02-29,735.34,1.0
2012-03-01,743.15,1.0
2012-03-02,757.67,1.0
2012-03-05,759.37,1.0
2012-03-06,750.84,1.0
2012-03-07,749.27,1.0
2012-03-08,761.7,1.0
2012-03-09,777.69,1.0
2012-03-12,786.05,1.0
2012-03-13,792.38,1.0
2012-03-14,756.46,1.0
2012-03-15,746.44,1.0
2012-03-16,765.56,1.0
2012-03-19,779.56,1.0
2012-03-20,755.58,1.0
2012-03-21,751.79,1.0
2012-03-22,750.85,1.0
2012-03-23,737.89,1.0
2012-03-26,737.21,1.0
2012-03-27,735.73,1.0
2012-03-28,698.49,1.0
2012-03-29,683.96,1.0
2012-03-30,678.52,1.0
2012-04-05,697.75,-1.0
2012-04-06,701.9,-1.0
2012-04-09,689.72,-1.0
2012-04-10,697.17,-1.0
2012-04-11,698.49,-1.0
2012-04-12,713.12,-1.0
2012-04-13,718.96,-1.0
2012-04-16,716.23,-1.0
2012-04-17,709.14,-1.0
2012-04-18,723.46,-1.0
2012-04-19,725.12,-1.0
2012-04-20,728.72,-1.0
2012-04-23,690.43,-1.0
2012-04-24,681.53,-1.0
2012-04-25,682.52,-1.0
2012-04-26,678.44,-1.0
2012-04-27,685.13,-1.0
2012-05-02,693.61,-1.0
2012-05-03,699.31,-1.0
2012-05-04,713.19,-1.0
2012-05-07,733.05,-1.0
2012-05-08,731.72,-1.0
2012-05-09,719.35,-1.0
2012-05-10,727.29,-1.0
2012-05-11,721.08,-1.0
2012-05-14,719.87,-1.0
2012-05-15,720.12,-1.0
2012-05-16,709.96,-1.0
2012-05-17,716.17,-1.0
2012-05-18,706.22,-1.0
2012-05-21,704.8,-1.0
2012-05-22,714.66,-1.0
2012-05-23,713.02,-1.0
2012-05-24,712.58,-1.0
2012-05-25,702.72,-1.0
2012-05-28,706.47,-1.0
2012-05-29,720.45,1.0
2012-05-30,727.19,1.0
2012-05-31,734.45,1.0
2012-06-01,734.26,1.0
2012-06-04,717.1,1.0
2012-06-05,715.93,1.0
2012-06-06,715.24,1.0
2012-06-07,711.43,1.0
2012-06-08,713.92,1.0
2012-06-11,734.5,1.0
2012-06-12,735.29,-1.0
2012-06-13,746.51,-1.0
2012-06-14,740.97,-1.0
2012-06-15,742.27,-1.0
2012-06-18,752.98,-1.0
2012-06-19,747.49,-1.0
2012-06-20,748.39,-1.0
2012-06-21,739.05,-1.0
2012-06-25,720.6,-1.0
2012-06-26,715.92,-1.0
2012-06-27,718.93,-1.0
2012-06-28,711.14,-1.0
2012-06-29,726.68,-1.0
2012-07-02,741.19,-1.0
2012-07-03,743.9,-1.0
2012-07-04,739.62,-1.0
2012-07-05,724.31,-1.0
2012-07-06,737.29,-1.0
2012-07-09,722.28,-1.0
2012-07-10,713.53,1.0
2012-07-11,719.3,1.0
2012-07-12,734.32,1.0
2012-07-13,725.79,1.0
2012-07-16,691.39,-1.0
2012-07-17,697.0,-1.0
2012-07-18,702.14,-1.0
2012-07-19,709.17,-1.0
2012-07-20,706.25,-1.0
2012-07-23,704.57,-1.0
2012-07-24,706.4,-1.0
2012-07-25,708.3,-1.0
2012-07-26,706.73,-1.0
2012-07-27,703.58,-1.0
2012-07-30,688.47,1.0
2012-07-31,676.96,1.0
2012-08-01,689.49,1.0
2012-08-02,690.98,1.0
2012-08-03,711.93,1.0
2012-08-06,730.42,1.0
2012-08-07,736.01,1.0
2012-08-08,730.07,1.0
2012-08-09,743.2,1.0
2012-08-10,743.07,1.0
2012-08-13,727.64,1.0
2012-08-14,736.35,1.0
2012-08-15,729.73,1.0
2012-08-16,723.53,1.0
2012-08-17,721.05,1.0
2012-08-20,730.87,1.0
2012-08-21,748.94,1.0
2012-08-22,746.85,-1.0
2012-08-23,750.56,-1.0
2012-08-24,733.31,-1.0
2012-08-27,722.57,-1.0
2012-08-28,727.62,-1.0
2012-08-29,726.94,-1.0
2012-08-30,704.04,-1.0
2012-08-31,706.63,-1.0
2012-09-03,723.87,-1.0
2012-09-04,722.72,-1.0
2012-09-05,730.62,-1.0
2012-09-06,739.74,-1.0
2012-09-07,759.46,-1.0
2012-09-10,762.31,-1.0
2012-09-11,761.73,-1.0
2012-09-12,762.51,-1.0
2012-09-13,749.89,-1.0
2012-09-14,744.46,-1.0
2012-09-17,724.15,-1.0
2012-09-18,723.61,-1.0
2012-09-19,728.25,-1.0
2012-09-20,706.69,-1.0
2012-09-21,691.14,-1.0
2012-09-24,690.34,-1.0
2012-09-25,682.34,-1.0
2012-09-26,661.49,-1.0
2012-09-27,676.96,-1.0
2012-09-28,689.64,1.0
2012-10-08,690.77,1.0
2012-10-09,712.7,1.0
2012-10-10,721.85,1.0
2012-10-11,711.8,1.0
2012-10-12,708.87,1.0
2012-10-15,701.96,-1.0
2012-10-16,705.39,-1.0
2012-10-17,709.09,-1.0
2012-10-18,720.52,1.0
2012-10-19,719.45,1.0
2012-10-22,724.28,1.0
2012-10-23,711.26,1.0
2012-10-24,707.75,1.0
2012-10-25,697.44,1.0
2012-10-26,685.33,1.0
2012-10-29,688.12,1.0
2012-10-30,689.61,1.0
2012-10-31,691.65,1.0
2012-11-01,701.78,1.0
2012-11-02,701.38,1.0
2012-11-05,692.87,1.0
2012-11-06,690.5,-1.0
2012-11-07,689.75,-1.0
2012-11-08,675.85,-1.0
2012-11-09,672.67,1.0
2012-11-12,676.6,1.0
2012-11-13,667.33,1.0
2012-11-14,665.19,1.0
2012-11-15,659.21,1.0
2012-11-16,656.2,1.0
2012-11-19,656.94,-1.0
2012-11-20,656.61,-1.0
2012-11-21,660.03,-1.0
2012-11-22,651.83,1.0
2012-11-23,651.43,1.0
2012-11-26,638.88,1.0
2012-11-27,616.28,1.0
2012-11-28,607.67,1.0
2012-11-29,603.17,1.0
2012-11-30,606.77,1.0
2012-12-03,593.66,1.0
2012-12-04,600.8,1.0
2012-12-05,624.82,1.0
2012-12-06,624.32,1.0
2012-12-07,637.49,1.0
2012-12-10,646.32,1.0
2012-12-11,641.17,1.0
2012-12-12,639.51,1.0
2012-12-13,632.18,1.0
2012-12-14,656.22,1.0
2012-12-17,649.61,1.0
2012-12-18,646.05,1.0
2012-12-19,652.1,1.0
2012-12-20,658.31,-1.0
2012-12-21,668.09,-1.0
2012-12-24,679.76,-1.0
2012-12-25,694.12,1.0
2012-12-26,709.08,1.0
2012-12-27,699.57,1.0
2012-12-28,707.67,1.0
2012-12-31,713.86,1.0
2013-01-04,705.34,1.0
2013-01-07,718.11,1.0
2013-01-08,733.14,1.0
2013-01-09,734.51,1.0
2013-01-10,741.18,1.0
2013-01-11,731.59,1.0
2013-01-14,760.55,1.0
2013-01-15,778.6,1.0
2013-01-16,774.49,1.0
2013-01-17,768.31,1.0
2013-01-18,787.39,1.0
2013-01-21,792.6,1.0
2013-01-22,775.14,1.0
2013-01-23,778.48,1.0
2013-01-24,757.87,1.0
2013-01-25,762.85,1.0
2013-01-28,784.76,1.0
2013-01-29,791.67,1.0
2013-01-30,783.68,1.0
2013-01-31,776.01,1.0
2013-02-01,782.36,1.0
2013-02-04,771.9,1.0
2013-02-05,780.98,1.0
2013-02-06,791.26,-1.0
2013-02-07,805.59,-1.0
2013-02-08,823.03,1.0
2013-02-18,835.28,1.0
2013-02-19,819.71,1.0
2013-02-20,850.86,1.0
2013-02-21,839.3,1.0
2013-02-22,838.76,1.0
2013-02-25,855.69,-1.0
2013-02-26,851.22,-1.0
2013-02-27,846.09,-1.0
2013-02-28,861.1,-1.0
2013-03-01,884.89,1.0
2013-03-04,863.5,1.0
2013-03-05,888.1,-1.0
2013-03-06,902.9,1.0
2013-03-07,877.34,1.0
2013-03-08,864.7,1.0
2013-03-11,869.15,1.0
2013-03-12,839.84,1.0
2013-03-13,834.05,-1.0
2013-03-14,842.04,-1.0
2013-03-15,853.91,-1.0
2013-03-18,852.12,-1.0
2013-03-19,842.69,-1.0
2013-03-20,866.27,-1.0
2013-03-21,882.73,-1.0
2013-03-22,882.0,-1.0
2013-03-25,881.76,-1.0
2013-03-26,876.36,-1.0
2013-03-27,882.75,-1.0
2013-03-28,867.51,-1.0
2013-03-29,866.46,-1.0
2013-04-01,877.0,-1.0
2013-04-02,845.16,-1.0
2013-04-03,835.14,-1.0
2013-04-08,853.48,1.0
2013-04-09,861.99,-1.0
2013-04-10,850.53,-1.0
2013-04-11,847.78,-1.0
2013-04-12,846.61,-1.0
2013-04-15,836.34,-1.0
2013-04-16,846.05,-1.0
2013-04-17,867.51,-1.0
2013-04-18,873.48,-1.0
2013-04-19,892.21,-1.0
2013-04-22,916.02,-1.0
2013-04-23,893.79,-1.0
2013-04-24,923.41,-1.0
2013-04-25,903.63,1.0
2013-04-26,889.38,1.0
2013-05-02,913.65,1.0
2013-05-03,939.21,1.0
2013-05-06,958.02,1.0
2013-05-07,957.44,1.0
2013-05-08,980.08,1.0
2013-05-09,992.16,1.0
2013-05-10,988.3,1.0
2013-05-13,995.11,1.0
2013-05-14,976.33,1.0
2013-05-15,1012.66,-1.0
2013-05-16,1009.53,-1.0
2013-05-17,1023.4,-1.0
2013-05-20,1051.65,-1.0
2013-05-21,1073.58,-1.0
2013-05-22,1039.81,-1.0
2013-05-23,1042.9,-1.0
2013-05-24,1073.78,-1.0
2013-05-27,1089.72,-1.0
2013-05-28,1059.0,-1.0
2013-05-29,1065.96,-1.0
2013-05-30,1073.87,-1.0
2013-05-31,1073.02,-1.0
2013-06-03,1052.14,-1.0
2013-06-04,1022.46,-1.0
2013-06-05,1032.76,-1.0
2013-06-06,1022.13,-1.0
2013-06-07,1030.14,-1.0
2013-06-13,1029.28,-1.0
2013-06-14,1068.15,-1.0
2013-06-17,1073.69,-1.0
2013-06-18,1072.93,-1.0
2013-06-19,1067.63,-1.0
2013-06-20,1029.53,-1.0
2013-06-21,1025.5,-1.0
2013-06-24,971.45,-1.0
2013-06-25,984.75,-1.0
2013-06-26,1038.98,-1.0
2013-06-27,1022.5,-1.0
2013-06-28,1011.66,-1.0
2013-07-01,1055.84,-1.0
2013-07-02,1083.25,-1.0
2013-07-03,1104.58,-1.0
2013-07-04,1087.9,-1.0
2013-07-05,1057.27,-1.0
2013-07-08,1030.6,-1.0
2013-07-09,1050.72,-1.0
2013-07-10,1068.86,-1.0
2013-07-11,1080.78,-1.0
2013-07-12,1096.3,-1.0
2013-07-15,1139.57,-1.0
2013-07-16,1143.2,-1.0
2013-07-17,1129.48,-1.0
2013-07-18,1127.97,-1.0
2013-07-19,1116.01,-1.0
2013-07-22,1153.77,-1.0
2013-07-23,1178.59,-1.0
2013-07-24,1203.31,-1.0
2013-07-25,1150.39,-1.0
2013-07-26,1158.35,-1.0
2013-07-29,1136.98,1.0
2013-07-30,1124.1,1.0
2013-07-31,1134.02,1.0
2013-08-01,1190.11,1.0
2013-08-02,1188.85,1.0
2013-08-05,1202.83,-1.0
2013-08-06,1211.69,-1.0
2013-08-07,1175.7,-1.0
2013-08-08,1185.96,-1.0
2013-08-09,1172.52,-1.0
2013-08-12,1161.87,-1.0
2013-08-13,1172.33,-1.0
2013-08-14,1180.66,-1.0
2013-08-15,1167.09,-1.0
2013-08-16,1132.09,-1.0
2013-08-19,1171.4,-1.0
2013-08-20,1175.78,-1.0
2013-08-21,1181.34,-1.0
2013-08-22,1197.13,-1.0
2013-08-23,1219.83,-1.0
2013-08-26,1238.17,1.0
2013-08-27,1250.75,1.0
2013-08-28,1228.0,1.0
2013-08-29,1226.3,1.0
2013-08-30,1185.15,1.0
2013-09-02,1210.19,1.0
2013-09-03,1234.59,1.0
2013-09-04,1236.35,1.0
2013-09-05,1267.26,1.0
2013-09-06,1282.75,1.0
2013-09-09,1275.91,1.0
2013-09-10,1263.59,1.0
2013-09-11,1220.71,1.0
2013-09-12,1220.63,1.0
2013-09-13,1253.45,1.0
2013-09-16,1278.8,1.0
2013-09-17,1269.36,1.0
2013-09-18,1289.64,1.0
2013-09-23,1326.09,1.0
2013-09-24,1328.4,1.0
2013-09-25,1323.04,1.0
2013-09-26,1306.34,1.0
2013-09-27,1323.76,1.0
2013-09-30,1367.91,1.0
2013-10-08,1387.66,1.0
2013-10-09,1415.83,1.0
2013-10-10,1378.15,1.0
2013-10-11,1379.9,1.0
2013-10-14,1393.6,1.0
2013-10-15,1389.75,1.0
2013-10-16,1335.1,1.0
2013-10-17,1322.99,1.0
2013-10-18,1349.94,1.0
2013-10-21,1400.97,1.0
2013-10-22,1350.47,1.0
2013-10-23,1311.23,-1.0
2013-10-24,1295.93,-1.0
2013-10-25,1269.17,-1.0
2013-10-28,1279.05,-1.0
2013-10-29,1261.68,-1.0
2013-10-30,1273.29,-1.0
2013-10-31,1235.56,-1.0
2013-11-01,1221.96,-1.0
2013-11-04,1222.46,-1.0
2013-11-05,1260.03,-1.0
2013-11-06,1241.79,-1.0
2013-11-07,1224.05,-1.0
2013-11-08,1211.11,-1.0
2013-11-11,1212.69,-1.0
2013-11-12,1228.35,-1.0
2013-11-13,1212.08,-1.0
2013-11-14,1249.67,-1.0
2013-11-15,1269.05,-1.0
2013-11-18,1291.15,-1.0
2013-11-19,1298.17,-1.0
2013-11-20,1299.26,-1.0
2013-11-21,1298.95,-1.0
2013-11-22,1295.07,-1.0
2013-11-25,1293.8,-1.0
2013-11-26,1291.85,-1.0
2013-11-27,1329.48,-1.0
2013-11-28,1336.66,-1.0
2013-11-29,1366.83,1.0
2013-12-02,1253.93,1.0
2013-12-03,1255.33,1.0
2013-12-04,1240.29,1.0
2013-12-05,1202.07,-1.0
2013-12-06,1206.78,-1.0
2013-12-09,1241.72,-1.0
2013-12-10,1231.92,-1.0
2013-12-11,1244.51,-1.0
2013-12-12,1279.32,-1.0
2013-12-13,1278.14,-1.0
2013-12-16,1279.96,-1.0
2013-12-17,1267.67,-1.0
2013-12-18,1256.0,-1.0
2013-12-19,1256.08,-1.0
2013-12-20,1253.71,-1.0
2013-12-23,1242.81,-1.0
2013-12-24,1258.82,-1.0
2013-12-25,1288.34,-1.0
2013-12-26,1269.54,-1.0
2013-12-27,1294.3,-1.0
2013-12-30,1307.99,-1.0
2013-12-31,1304.44,-1.0
2014-01-02,1333.0,-1.0
2014-01-03,1352.84,-1.0
2014-01-06,1323.33,-1.0
2014-01-07,1352.28,-1.0
2014-01-08,1405.02,-1.0
2014-01-09,1380.24,-1.0
2014-01-10,1353.3,-1.0
2014-01-13,1362.79,1.0
2014-01-14,1400.92,1.0
2014-01-15,1415.32,1.0
2014-01-16,1395.16,-1.0
2014-01-17,1395.51,-1.0
2014-01-20,1372.74,-1.0
2014-01-21,1407.15,-1.0
2014-01-22,1431.74,-1.0
2014-01-23,1461.53,1.0
2014-01-24,1484.43,1.0
2014-01-27,1477.67,1.0
2014-01-28,1471.34,1.0
2014-01-29,1496.53,1.0
2014-01-30,1495.98,1.0
2014-02-07,1532.69,1.0
2014-02-10,1553.42,1.0
2014-02-11,1527.15,1.0
2014-02-12,1539.97,1.0
2014-02-13,1485.13,1.0
2014-02-14,1515.78,1.0
2014-02-17,1558.62,1.0
2014-02-18,1545.34,1.0
2014-02-19,1544.4,1.0
2014-02-20,1515.16,1.0
2014-02-21,1519.67,1.0
2014-02-24,1540.03,1.0
2014-02-25,1472.69,1.0
2014-02-26,1465.99,1.0
2014-02-27,1414.66,1.0
2014-02-28,1434.89,1.0
2014-03-03,1465.14,1.0
2014-03-04,1460.45,1.0
2014-03-05,1464.58,1.0
2014-03-06,1462.53,1.0
2014-03-07,1460.61,1.0
2014-03-10,1407.07,1.0
2014-03-11,1395.81,1.0
2014-03-12,1399.27,1.0
2014-03-13,1436.86,1.0
2014-03-14,1434.02,-1.0
2014-03-17,1477.42,-1.0
2014-03-18,1485.64,-1.0
2014-03-19,1466.22,-1.0
2014-03-20,1417.66,-1.0
2014-03-21,1419.84,-1.0
2014-03-24,1397.29,-1.0
2014-03-25,1394.82,-1.0
2014-03-26,1417.61,-1.0
2014-03-27,1367.96,-1.0
2014-03-28,1330.5,-1.0
2014-03-31,1327.8,-1.0
2014-04-01,1355.05,-1.0
2014-04-02,1327.98,-1.0
2014-04-03,1326.18,-1.0
2014-04-04,1346.74,-1.0
2014-04-08,1351.18,-1.0
2014-04-09,1370.46,-1.0
2014-04-10,1381.14,-1.0
2014-04-11,1363.9,-1.0
2014-04-14,1372.73,-1.0
2014-04-15,1369.89,-1.0
2014-04-16,1359.3,-1.0
2014-04-17,1367.59,-1.0
2014-04-18,1377.42,-1.0
2014-04-21,1363.85,-1.0
2014-04-22,1336.19,-1.0
2014-04-23,1326.44,-1.0
2014-04-24,1319.51,-1.0
2014-04-25,1291.9,-1.0
2014-04-28,1257.26,-1.0
2014-04-29,1266.54,-1.0
2014-04-30,1283.21,-1.0
2014-05-05,1302.15,-1.0
2014-05-06,1316.86,-1.0
2014-05-07,1290.03,-1.0
2014-05-08,1279.84,-1.0
2014-05-09,1258.58,-1.0
2014-05-12,1278.28,-1.0
2014-05-13,1276.24,-1.0
2014-05-14,1278.66,-1.0
2014-05-15,1253.88,-1.0
2014-05-16,1226.47,-1.0
2014-05-19,1228.37,-1.0
2014-05-20,1244.65,-1.0
2014-05-21,1257.8,-1.0
2014-05-22,1269.51,-1.0
2014-05-23,1296.0,1.0
2014-05-26,1320.76,1.0
2014-05-27,1306.28,-1.0
2014-05-28,1338.97,-1.0
2014-05-29,1314.21,-1.0
2014-05-30,1318.13,-1.0
2014-06-03,1319.63,-1.0
2014-06-04,1321.72,-1.0
2014-06-05,1355.48,-1.0
2014-06-06,1350.45,-1.0
2014-06-09,1326.68,-1.0
2014-06-10,1353.87,-1.0
2014-06-11,1367.39,-1.0
2014-06-12,1363.74,-1.0
2014-06-13,1382.73,-1.0
2014-06-16,1395.61,-1.0
2014-06-17,1377.43,-1.0
2014-06-18,1363.99,-1.0
2014-06-19,1320.66,-1.0
2014-06-20,1333.98,-1.0
2014-06-23,1361.28,-1.0
2014-06-24,1369.44,-1.0
2014-06-25,1358.71,-1.0
2014-06-26,1386.27,-1.0
2014-06-27,1388.82,-1.0
2014-06-30,1404.71,-1.0
2014-07-01,1411.74,1.0
2014-07-02,1419.94,1.0
2014-07-03,1422.6,1.0
2014-07-04,1411.64,-1.0
2014-07-07,1393.89,-1.0
2014-07-08,1410.73,-1.0
2014-07-09,1384.58,-1.0
2014-07-10,1363.88,-1.0
2014-07-11,1359.34,-1.0
2014-07-14,1367.07,-1.0
2014-07-15,1341.27,1.0
2014-07-16,1318.62,1.0
2014-07-17,1312.81,-1.0
2014-07-18,1305.92,-1.0
2014-07-21,1306.97,-1.0
2014-07-22,1329.35,-1.0
2014-07-23,1293.09,-1.0
2014-07-24,1271.88,-1.0
2014-07-25,1285.77,-1.0
2014-07-28,1314.53,-1.0
2014-07-29,1331.76,-1.0
2014-07-30,1342.74,-1.0
2014-07-31,1344.54,-1.0
2014-08-01,1325.94,-1.0
2014-08-04,1329.82,-1.0
2014-08-05,1360.69,-1.0
2014-08-06,1365.74,-1.0
2014-08-07,1362.03,-1.0
2014-08-08,1377.45,-1.0
2014-08-11,1397.78,-1.0
2014-08-12,1396.44,-1.0
2014-08-13,1384.31,-1.0
2014-08-14,1380.3,-1.0
2014-08-15,1392.45,-1.0
2014-08-18,1428.74,-1.0
2014-08-19,1436.4,-1.0
2014-08-20,1427.4,1.0
2014-08-21,1447.88,1.0
2014-08-22,1461.72,1.0
2014-08-25,1443.81,1.0
2014-08-26,1411.15,1.0
2014-08-27,1420.54,1.0
2014-08-28,1403.8,1.0
2014-08-29,1424.47,1.0
2014-09-01,1452.84,1.0
2014-09-02,1465.03,1.0
2014-09-03,1477.67,1.0
2014-09-04,1495.51,1.0
2014-09-05,1489.84,1.0
2014-09-09,1494.02,1.0
2014-09-10,1504.91,1.0
2014-09-11,1513.01,1.0
2014-09-12,1524.12,1.0
2014-09-15,1526.14,1.0
2014-09-16,1473.13,1.0
2014-09-17,1479.12,1.0
2014-09-18,1490.79,1.0
2014-09-19,1499.12,1.0
2014-09-22,1483.35,1.0
2014-09-23,1500.99,1.0
2014-09-24,1517.42,1.0
2014-09-25,1508.42,1.0
2014-09-26,1511.36,1.0
2014-09-29,1526.18,1.0
2014-09-30,1540.87,1.0
2014-10-08,1557.57,1.0
2014-10-09,1561.17,1.0
2014-10-10,1554.22,1.0
2014-10-13,1548.33,1.0
2014-10-14,1539.12,1.0
2014-10-15,1545.62,1.0
2014-10-16,1526.56,1.0
2014-10-17,1511.05,1.0
2014-10-20,1532.38,1.0
2014-10-21,1517.48,1.0
2014-10-22,1504.55,1.0
2014-10-23,1477.84,1.0
2014-10-24,1477.59,1.0
2014-10-27,1492.01,1.0
2014-10-28,1522.05,1.0
2014-10-29,1530.08,1.0
2014-10-30,1525.77,1.0
2014-10-31,1513.27,1.0
2014-11-03,1529.89,1.0
2014-11-04,1516.4,1.0
2014-11-05,1512.49,1.0
2014-11-06,1532.52,1.0
2014-11-07,1522.63,1.0
2014-11-10,1514.82,1.0
2014-11-11,1461.51,1.0
2014-11-12,1475.75,1.0
2014-11-13,1442.86,1.0
2014-11-14,1441.21,1.0
2014-11-17,1471.69,1.0
2014-11-18,1481.86,1.0
2014-11-19,1505.55,1.0
2014-11-20,1494.59,1.0
2014-11-21,1504.83,1.0
2014-11-24,1507.81,1.0
2014-11-25,1541.92,1.0
2014-11-26,1554.22,1.0
2014-11-27,1563.41,1.0
2014-11-28,1570.85,-1.0
2014-12-01,1552.31,-1.0
2014-12-02,1565.42,-1.0
2014-12-03,1604.45,-1.0
2014-12-04,1621.85,-1.0
2014-12-05,1581.91,1.0
2014-12-08,1567.16,-1.0
2014-12-09,1504.62,-1.0
2014-12-10,1572.69,-1.0
2014-12-11,1587.67,-1.0
2014-12-12,1623.57,-1.0
2014-12-15,1657.5,-1.0
2014-12-16,1649.58,-1.0
2014-12-17,1644.21,-1.0
2014-12-18,1634.05,-1.0
2014-12-19,1596.81,-1.0
2014-12-22,1517.93,-1.0
2014-12-23,1496.53,-1.0
2014-12-24,1519.8,-1.0
2014-12-25,1529.47,-1.0
2014-12-26,1536.08,-1.0
2014-12-29,1499.4,-1.0
2014-12-30,1460.11,-1.0
2014-12-31,1471.76,-1.0
2015-01-05,1464.77,-1.0
2015-01-06,1539.83,-1.0
2015-01-07,1523.39,-1.0
2015-01-08,1541.89,-1.0
2015-01-09,1553.24,-1.0
2015-01-12,1586.12,-1.0
2015-01-13,1601.17,-1.0
2015-01-14,1588.01,-1.0
2015-01-15,1586.34,-1.0
2015-01-16,1639.56,-1.0
2015-01-19,1630.07,-1.0
2015-01-20,1700.85,-1.0
2015-01-21,1722.58,-1.0
2015-01-22,1744.04,-1.0
2015-01-23,1697.29,-1.0
2015-01-26,1739.79,-1.0
2015-01-27,1743.68,-1.0
2015-01-28,1731.41,1.0
2015-01-29,1711.37,1.0
2015-01-30,1680.58,1.0
2015-02-02,1696.83,-1.0
2015-02-03,1750.91,-1.0
2015-02-04,1757.74,1.0
2015-02-05,1774.31,1.0
2015-02-06,1730.97,1.0
2015-02-09,1708.85,1.0
2015-02-10,1747.68,1.0
2015-02-11,1772.85,1.0
2015-02-12,1788.81,1.0
2015-02-13,1825.49,1.0
2015-02-16,1896.63,1.0
2015-02-17,1894.31,1.0
2015-02-25,1876.75,1.0
2015-02-26,1880.39,1.0
2015-02-27,1928.04,1.0
2015-03-02,1986.99,1.0
2015-03-03,1961.74,1.0
2015-03-04,2009.83,1.0
2015-03-05,2014.79,1.0
2015-03-06,1951.4,1.0
2015-03-09,1994.39,1.0
2015-03-10,2045.32,1.0
2015-03-11,2035.83,1.0
2015-03-12,2018.13,1.0
2015-03-13,2069.07,1.0
2015-03-16,2142.67,1.0
2015-03-17,2137.46,1.0
2015-03-18,2182.92,1.0
2015-03-19,2183.88,1.0
2015-03-20,2213.77,1.0
2015-03-23,2293.65,1.0
2015-03-24,2357.97,1.0
2015-03-25,2385.01,1.0
2015-03-26,2291.79,1.0
2015-03-27,2323.82,1.0
2015-03-30,2290.48,1.0
2015-03-31,2335.17,1.0
2015-04-01,2404.91,1.0
2015-04-02,2475.33,1.0
2015-04-03,2510.16,1.0
2015-04-07,2556.7,1.0
2015-04-08,2488.16,1.0
2015-04-09,2496.49,1.0
2015-04-10,2552.83,1.0
2015-04-13,2577.78,1.0
2015-04-14,2558.85,1.0
2015-04-15,2441.74,1.0
2015-04-16,2484.33,1.0
2015-04-17,2463.99,1.0
2015-04-20,2424.85,1.0
2015-04-21,2566.09,1.0
2015-04-22,2634.93,-1.0
2015-04-23,2706.19,-1.0
2015-04-24,2734.75,-1.0
2015-04-27,2747.5,-1.0
2015-04-28,2687.97,-1.0
2015-04-29,2797.52,-1.0
2015-04-30,2857.89,-1.0
2015-05-04,2845.25,-1.0
2015-05-05,2783.44,1.0
2015-05-06,2846.56,1.0
2015-05-07,2806.05,-1.0
2015-05-08,2973.6,1.0
2015-05-11,3146.83,1.0
2015-05-12,3250.3,1.0
2015-05-13,3192.15,-1.0
2015-05-14,3141.59,1.0
2015-05-15,3145.34,1.0
2015-05-18,3278.48,1.0
2015-05-19,3322.77,-1.0
2015-05-20,3406.28,-1.0
2015-05-21,3527.41,1.0
2015-05-22,3516.63,1.0
2015-05-25,3467.92,1.0
2015-05-26,3618.23,1.0
2015-05-27,3628.67,1.0
2015-05-28,3432.98,1.0
2015-05-29,3542.84,1.0
2015-06-01,3718.75,1.0
2015-06-02,3901.54,1.0
2015-06-03,3982.25,1.0
2015-06-04,3943.47,1.0
2015-06-05,3885.83,1.0
2015-06-08,3704.55,1.0
2015-06-09,3705.54,1.0
2015-06-10,3834.7,1.0
2015-06-11,3862.14,-1.0
2015-06-12,3899.71,-1.0
2015-06-15,3696.03,-1.0
2015-06-16,3590.67,-1.0
2015-06-17,3741.36,-1.0
2015-06-18,3504.55,-1.0
2015-06-19,3314.98,-1.0
2015-06-23,3393.94,-1.0
2015-06-24,3383.4,-1.0
2015-06-25,3206.38,-1.0
2015-06-26,2920.7,-1.0
2015-06-29,2689.76,-1.0
2015-06-30,2858.61,-1.0
2015-07-01,2759.41,-1.0
2015-07-02,2649.32,-1.0
2015-07-03,2605.28,-1.0
2015-07-06,2493.83,-1.0
2015-07-07,2352.01,-1.0
2015-07-08,2364.05,-1.0
2015-07-09,2435.76,-1.0
2015-07-10,2535.89,1.0
2015-07-13,2683.07,1.0
2015-07-14,2726.05,1.0
2015-07-15,2590.03,-1.0
2015-07-16,2627.08,-1.0
2015-07-17,2783.32,1.0
2015-07-20,2848.3,1.0
2015-07-21,2882.9,1.0
2015-07-22,2897.37,1.0
2015-07-23,2967.95,-1.0
2015-07-24,2897.82,-1.0
2015-07-27,2683.45,-1.0
2015-07-28,2581.96,-1.0
2015-07-29,2693.87,-1.0
2015-07-30,2561.19,-1.0
2015-07-31,2539.84,-1.0
2015-08-03,2399.27,-1.0
2015-08-04,2546.16,-1.0
2015-08-05,2502.04,-1.0
2015-08-06,2480.93,-1.0
2015-08-07,2576.99,1.0
2015-08-10,2706.72,1.0
2015-08-11,2698.91,-1.0
2015-08-12,2622.19,-1.0
2015-08-13,2684.26,-1.0
2015-08-14,2674.02,-1.0
2015-08-17,2666.29,-1.0
2015-08-18,2504.17,-1.0
2015-08-19,2570.69,-1.0
2015-08-20,2508.82,-1.0
2015-08-21,2341.95,-1.0
2015-08-24,2152.61,-1.0
2015-08-25,1990.71,-1.0
2015-08-26,1890.04,1.0
2015-08-27,1959.49,1.0
2015-08-28,2082.12,1.0
2015-08-31,1996.87,1.0
2015-09-01,1889.49,1.0
2015-09-02,1855.03,1.0
2015-09-07,1893.52,1.0
2015-09-08,2001.16,1.0
2015-09-09,2071.72,1.0
2015-09-10,2039.12,1.0
2015-09-11,2060.51,1.0
2015-09-14,1906.21,1.0
2015-09-15,1797.56,1.0
2015-09-16,1926.25,1.0
2015-09-17,1933.3,1.0
2015-09-18,1983.3,1.0
2015-09-21,2079.06,1.0
2015-09-22,2078.72,1.0
2015-09-23,2077.99,-1.0
2015-09-24,2106.59,-1.0
2015-09-25,2020.97,-1.0
2015-09-28,2122.26,-1.0
2015-09-29,2098.57,-1.0
2015-09-30,2082.67,-1.0
2015-10-08,2190.31,-1.0
2015-10-09,2216.66,-1.0
2015-10-12,2316.78,-1.0
2015-10-13,2342.04,-1.0
2015-10-14,2305.0,-1.0
2015-10-15,2404.53,-1.0
2015-10-16,2449.03,-1.0
2015-10-19,2433.6,-1.0
2015-10-20,2511.16,-1.0
2015-10-21,2344.74,-1.0
2015-10-22,2458.14,-1.0
2015-10-23,2538.38,-1.0
2015-10-26,2527.48,-1.0
2015-10-27,2563.96,-1.0
2015-10-28,2485.24,-1.0
2015-10-29,2485.28,-1.0
2015-10-30,2478.28,1.0
2015-11-02,2432.04,1.0
2015-11-03,2429.27,1.0
2015-11-04,2584.32,1.0
2015-11-05,2564.72,1.0
2015-11-06,2661.41,1.0
2015-11-09,2724.62,1.0
2015-11-10,2746.61,1.0
2015-11-11,2804.68,1.0
2015-11-12,2783.3,1.0
2015-11-13,2710.16,1.0
2015-11-16,2797.16,1.0
2015-11-17,2717.05,1.0
2015-11-18,2661.17,1.0
2015-11-19,2770.75,1.0
2015-11-20,2800.15,1.0
2015-11-23,2770.58,1.0
2015-11-24,2816.05,1.0
2015-11-25,2897.57,1.0
2015-11-26,2833.2,1.0
2015-11-27,2649.55,1.0
2015-11-30,2672.58,1.0
2015-12-01,2655.35,1.0
2015-12-02,2613.26,1.0
2015-12-03,2708.12,1.0
2015-12-04,2692.16,1.0
2015-12-07,2738.15,1.0
2015-12-08,2691.66,1.0
2015-12-09,2667.91,1.0
2015-12-10,2695.51,-1.0
2015-12-11,2671.29,-1.0
2015-12-14,2709.27,-1.0
2015-12-15,2745.7,-1.0
2015-12-16,2763.11,-1.0
2015-12-17,2835.7,-1.0
2015-12-18,2830.26,-1.0
2015-12-21,2829.92,-1.0
2015-12-22,2839.85,-1.0
2015-12-23,2783.94,-1.0
2015-12-24,2795.78,-1.0
2015-12-25,2794.73,-1.0
2015-12-28,2735.49,-1.0
2015-12-29,2749.82,-1.0
2015-12-30,2779.51,-1.0
2015-12-31,2714.05,-1.0
2016-01-04,2491.24,-1.0
2016-01-05,2416.73,-1.0
2016-01-06,2468.37,-1.0
2016-01-07,2256.52,-1.0
2016-01-08,2248.99,-1.0
2016-01-11,2106.36,-1.0
2016-01-12,2147.53,-1.0
2016-01-13,2059.78,-1.0
2016-01-14,2175.01,-1.0
2016-01-15,2112.9,-1.0
2016-01-18,2174.93,-1.0
2016-01-19,2241.7,-1.0
2016-01-20,2204.65,-1.0
2016-01-21,2112.4,-1.0
2016-01-22,2149.59,-1.0
2016-01-25,2158.82,-1.0
2016-01-26,1994.05,-1.0
2016-01-27,1997.47,-1.0
2016-01-28,1906.46,-1.0
2016-01-29,1994.07,-1.0
2016-02-01,1992.7,-1.0
2016-02-02,2075.29,1.0
2016-02-03,2090.51,1.0
2016-02-04,2126.64,1.0
2016-02-05,2096.99,1.0
2016-02-15,2116.84,1.0
2016-02-16,2201.93,1.0
2016-02-17,2215.34,1.0
2016-02-18,2190.91,-1.0
2016-02-19,2211.01,-1.0
2016-02-22,2245.56,-1.0
2016-02-23,2218.12,-1.0
2016-02-24,2203.74,-1.0
2016-02-25,2037.14,-1.0
2016-02-26,2014.92,-1.0
2016-02-29,1880.15,-1.0
2016-03-01,1934.92,-1.0
2016-03-02,2017.6,-1.0
2016-03-03,2007.08,1.0
2016-03-04,1907.04,1.0
2016-03-07,1953.33,1.0
2016-03-08,2002.19,1.0
2016-03-09,1970.81,1.0
2016-03-10,1936.97,1.0
2016-03-11,1934.87,1.0
2016-03-14,2023.13,1.0
2016-03-15,1996.92,-1.0
2016-03-16,1977.54,-1.0
2016-03-17,2087.29,-1.0
2016-03-18,2177.87,-1.0
2016-03-21,2227.03,-1.0
2016-03-22,2221.7,-1.0
2016-03-23,2259.11,-1.0
2016-03-24,2219.77,-1.0
2016-03-25,2216.09,1.0
2016-03-28,2199.69,1.0
2016-03-29,2152.55,1.0
2016-03-30,2248.78,1.0
2016-03-31,2238.29,1.0
2016-04-01,2205.37,1.0
2016-04-05,2279.52,1.0
2016-04-06,2297.04,1.0
2016-04-07,2248.68,1.0
2016-04-08,2229.93,1.0
2016-04-11,2283.14,1.0
2016-04-12,2264.02,1.0
2016-04-13,2294.02,1.0
2016-04-14,2324.39,1.0
2016-04-15,2309.68,1.0
2016-04-18,2265.59,1.0
2016-04-19,2272.52,1.0
2016-04-20,2145.24,1.0
2016-04-21,2110.16,1.0
2016-04-22,2136.92,1.0
2016-04-25,2126.83,-1.0
2016-04-26,2155.7,-1.0
2016-04-27,2146.61,-1.0
2016-04-28,2155.23,-1.0
2016-04-29,2138.74,-1.0
2016-05-03,2217.23,-1.0
2016-05-04,2211.02,-1.0
2016-05-05,2224.1,-1.0
2016-05-06,2129.19,-1.0
2016-05-09,2053.6,-1.0
2016-05-10,2054.22,-1.0
2016-05-11,2034.93,-1.0
2016-05-12,2034.57,-1.0
2016-05-13,2025.22,-1.0
2016-05-16,2057.86,-1.0
2016-05-17,2081.44,-1.0
2016-05-18,2020.48,-1.0
2016-05-19,2037.4,-1.0
2016-05-20,2065.3,-1.0
2016-05-23,2098.23,-1.0
2016-05-24,2075.51,-1.0
2016-05-25,2067.25,-1.0
2016-05-26,2086.01,-1.0
2016-05-27,2069.89,-1.0
2016-05-30,2058.52,-1.0
2016-05-31,2159.8,-1.0
2016-06-01,2168.82,-1.0
2016-06-02,2188.56,-1.0
2016-06-03,2204.97,-1.0
2016-06-06,2199.3,-1.0
2016-06-07,2196.73,-1.0
2016-06-08,2186.55,-1.0
2016-06-13,2054.71,1.0
2016-06-14,2058.31,1.0
2016-06-15,2128.8,1.0
2016-06-16,2101.42,-1.0
2016-06-17,2122.89,-1.0
2016-06-20,2119.63,-1.0
2016-06-21,2092.0,-1.0
2016-06-22,2144.82,-1.0
2016-06-23,2137.49,1.0
2016-06-24,2127.37,-1.0
2016-06-27,2191.81,-1.0
2016-06-28,2216.71,-1.0
2016-06-29,2209.79,-1.0
2016-06-30,2227.79,-1.0
2016-07-01,2211.18,-1.0
2016-07-04,2248.71,1.0
2016-07-05,2246.03,1.0
2016-07-06,2241.56,1.0
2016-07-07,2233.92,1.0
2016-07-08,2239.0,1.0
2016-07-11,2218.59,1.0
2016-07-12,2247.36,1.0
2016-07-13,2285.37,1.0
2016-07-14,2293.08,1.0
2016-07-15,2263.78,-1.0
2016-07-18,2249.87,-1.0
2016-07-19,2273.72,-1.0
2016-07-20,2268.54,-1.0
2016-07-21,2265.13,-1.0
2016-07-22,2250.0,-1.0
2016-07-25,2245.89,-1.0
2016-07-26,2279.55,-1.0
2016-07-27,2155.39,-1.0
2016-07-28,2139.74,-1.0
2016-07-29,2122.41,-1.0
2016-08-01,2099.18,-1.0
2016-08-02,2113.21,-1.0
2016-08-03,2108.31,-1.0
2016-08-04,2129.65,-1.0
2016-08-05,2109.06,-1.0
2016-08-08,2130.59,-1.0
2016-08-09,2154.51,-1.0
2016-08-10,2137.0,-1.0
2016-08-11,2103.4,-1.0
2016-08-12,2123.84,-1.0
2016-08-15,2193.21,-1.0
2016-08-16,2201.1,1.0
2016-08-17,2208.2,1.0
2016-08-18,2201.59,1.0
2016-08-19,2204.56,1.0
2016-08-22,2167.4,1.0
2016-08-23,2174.16,1.0
2016-08-24,2192.17,1.0
2016-08-25,2180.66,1.0
2016-08-26,2189.75,1.0
2016-08-29,2193.2,1.0
2016-08-30,2195.53,1.0
2016-08-31,2191.76,1.0
2016-09-01,2181.33,-1.0
2016-09-02,2170.86,-1.0
2016-09-05,2182.69,-1.0
2016-09-06,2222.84,-1.0
2016-09-07,2212.05,-1.0
2016-09-08,2223.47,-1.0
2016-09-09,2202.97,-1.0
2016-09-12,2145.56,-1.0
2016-09-13,2145.87,-1.0
2016-09-14,2144.56,-1.0
2016-09-19,2165.21,-1.0
2016-09-20,2158.43,-1.0
2016-09-21,2162.13,-1.0
2016-09-22,2168.42,-1.0
2016-09-23,2156.51,-1.0
2016-09-26,2122.9,-1.0
2016-09-27,2140.8,-1.0
2016-09-28,2139.63,-1.0
2016-09-29,2146.18,-1.0
2016-09-30,2149.9,-1.0
2016-10-10,2208.47,-1.0
2016-10-11,2210.86,-1.0
2016-10-12,2209.69,-1.0
2016-10-13,2208.57,-1.0
2016-10-14,2194.23,-1.0
2016-10-17,2167.86,-1.0
2016-10-18,2198.14,-1.0
2016-10-19,2184.91,1.0
2016-10-20,2193.26,1.0
2016-10-21,2181.0,1.0
2016-10-24,2200.8,1.0
2016-10-25,2200.21,1.0
2016-10-26,2184.49,1.0
2016-10-27,2182.48,1.0
2016-10-28,2165.43,1.0
2016-10-31,2159.76,1.0
2016-11-01,2176.45,1.0
2016-11-02,2146.4,1.0
2016-11-03,2153.18,1.0
2016-11-04,2145.23,1.0
2016-11-07,2130.3,1.0
2016-11-08,2150.3,1.0
2016-11-09,2123.84,1.0
2016-11-10,2143.32,1.0
2016-11-11,2147.11,1.0
2016-11-14,2161.69,1.0
2016-11-15,2179.3,1.0
2016-11-16,2182.47,1.0
2016-11-17,2163.04,1.0
2016-11-18,2157.96,1.0
2016-11-21,2152.6,1.0
2016-11-22,2177.65,1.0
2016-11-23,2165.71,1.0
2016-11-24,2146.63,1.0
2016-11-25,2167.53,1.0
2016-11-28,2166.05,1.0
2016-11-29,2160.35,1.0
2016-11-30,2183.05,1.0
2016-12-01,2181.93,1.0
2016-12-02,2143.45,1.0
2016-12-05,2143.88,1.0
2016-12-06,2122.26,1.0
2016-12-07,2134.99,1.0
2016-12-08,2114.71,1.0
2016-12-09,2099.89,1.0
2016-12-12,1984.39,1.0
2016-12-13,1985.04,1.0
2016-12-14,1963.08,-1.0
2016-12-15,1975.85,-1.0
2016-12-16,1998.11,-1.0
2016-12-19,1980.41,-1.0
2016-12-20,1982.3,-1.0
2016-12-21,1991.7,-1.0
2016-12-22,1986.27,-1.0
2016-12-23,1964.54,-1.0
2016-12-26,1974.01,-1.0
2016-12-27,1968.62,-1.0
2016-12-28,1957.15,-1.0
2016-12-29,1959.24,-1.0
2016-12-30,1962.06,-1.0
2017-01-03,1963.26,-1.0
2017-01-04,1991.57,-1.0
2017-01-05,1983.97,-1.0
2017-01-06,1965.03,-1.0
2017-01-09,1961.62,-1.0
2017-01-10,1951.68,-1.0
2017-01-11,1937.55,-1.0
2017-01-12,1930.14,-1.0
2017-01-13,1899.94,-1.0
2017-01-16,1830.85,-1.0
2017-01-17,1867.87,-1.0
2017-01-18,1845.79,-1.0
2017-01-19,1844.14,-1.0
2017-01-20,1880.75,-1.0
2017-01-23,1887.32,-1.0
2017-01-24,1861.22,-1.0
2017-01-25,1870.7,-1.0
2017-01-26,1886.23,-1.0
2017-02-03,1876.76,-1.0
2017-02-06,1900.45,-1.0
2017-02-07,1889.13,-1.0
2017-02-08,1903.63,-1.0
2017-02-09,1914.08,-1.0
2017-02-10,1904.68,-1.0
2017-02-13,1913.68,-1.0
2017-02-14,1909.4,-1.0
2017-02-15,1892.36,-1.0
2017-02-16,1897.63,1.0
2017-02-17,1882.87,1.0
2017-02-20,1894.96,1.0
2017-02-21,1921.08,-1.0
2017-02-22,1919.97,-1.0
2017-02-23,1925.95,-1.0
2017-02-24,1938.44,-1.0
2017-02-27,1926.77,-1.0
2017-02-28,1927.16,-1.0
2017-03-01,1931.97,-1.0
2017-03-02,1920.4,1.0
2017-03-03,1928.29,1.0
2017-03-06,1962.77,1.0
2017-03-07,1977.85,1.0
2017-03-08,1964.63,1.0
2017-03-09,1953.94,1.0
2017-03-10,1950.01,1.0
2017-03-13,1970.88,1.0
2017-03-14,1958.02,1.0
2017-03-15,1957.82,1.0
2017-03-16,1966.73,1.0
2017-03-17,1949.66,1.0
2017-03-20,1953.82,1.0
2017-03-21,1961.06,1.0
2017-03-22,1948.58,1.0
2017-03-23,1948.37,1.0
2017-03-24,1965.14,1.0
2017-03-27,1947.53,1.0
2017-03-28,1944.36,1.0
2017-03-29,1929.2,1.0
2017-03-30,1893.7,1.0
2017-03-31,1907.34,1.0
2017-04-05,1943.16,1.0
2017-04-06,1944.23,1.0
2017-04-07,1946.05,-1.0
2017-04-10,1912.45,-1.0
2017-04-11,1917.63,-1.0
2017-04-12,1897.51,-1.0
2017-04-13,1910.48,-1.0
2017-04-14,1887.46,-1.0
2017-04-17,1868.28,-1.0
2017-04-18,1848.2,-1.0
2017-04-19,1845.38,-1.0
2017-04-20,1850.39,-1.0
2017-04-21,1839.01,-1.0
2017-04-24,1809.91,-1.0
2017-04-25,1818.87,-1.0
2017-04-26,1820.48,-1.0
2017-04-27,1842.92,-1.0
2017-04-28,1850.73,-1.0
2017-05-02,1850.85,-1.0
2017-05-03,1840.45,-1.0
2017-05-04,1838.1,-1.0
2017-05-05,1818.19,-1.0
2017-05-08,1788.71,-1.0
2017-05-09,1802.49,-1.0
2017-05-10,1771.32,-1.0
2017-05-11,1772.41,-1.0
2017-05-12,1774.63,-1.0
2017-05-15,1778.64,-1.0
2017-05-16,1814.94,-1.0
2017-05-17,1822.64,-1.0
2017-05-18,1813.51,-1.0
2017-05-19,1801.08,-1.0
2017-05-22,1788.08,-1.0
2017-05-23,1758.23,-1.0
2017-05-24,1776.28,-1.0
2017-05-25,1777.69,1.0
2017-05-26,1759.63,1.0
2017-05-31,1763.73,1.0
2017-06-01,1728.49,1.0
2017-06-02,1745.93,1.0
2017-06-05,1761.25,1.0
2017-06-06,1766.39,1.0
2017-06-07,1799.85,1.0
2017-06-08,1794.75,1.0
2017-06-09,1796.13,1.0
2017-06-12,1775.55,1.0
2017-06-13,1795.63,1.0
2017-06-14,1790.64,1.0
2017-06-15,1816.26,1.0
2017-06-16,1810.05,-1.0
2017-06-19,1816.4,-1.0
2017-06-20,1820.98,-1.0
2017-06-21,1824.69,-1.0
2017-06-22,1798.38,-1.0
2017-06-23,1807.43,-1.0
2017-06-26,1821.28,-1.0
2017-06-27,1819.93,-1.0
2017-06-28,1808.2,-1.0
2017-06-29,1813.55,-1.0
2017-06-30,1818.07,-1.0
2017-07-03,1835.99,-1.0
2017-07-04,1829.51,-1.0
2017-07-05,1836.63,-1.0
2017-07-06,1839.0,-1.0
2017-07-07,1835.44,-1.0
2017-07-10,1803.25,-1.0
2017-07-11,1783.91,-1.0
2017-07-12,1786.75,-1.0
2017-07-13,1778.86,-1.0
2017-07-14,1745.57,-1.0
2017-07-17,1656.43,-1.0
2017-07-18,1667.49,-1.0
2017-07-19,1684.77,-1.0
2017-07-20,1688.61,-1.0
2017-07-21,1690.15,-1.0
2017-07-24,1686.44,-1.0
2017-07-25,1688.09,-1.0
2017-07-26,1681.31,-1.0
2017-07-27,1742.19,-1.0
2017-07-28,1734.07,-1.0
2017-07-31,1736.3,-1.0
2017-08-01,1741.07,-1.0
2017-08-02,1724.83,-1.0
2017-08-03,1733.12,-1.0
2017-08-04,1719.62,-1.0
2017-08-07,1732.43,-1.0
2017-08-08,1762.42,-1.0
2017-08-09,1763.05,-1.0
2017-08-10,1753.67,-1.0
2017-08-11,1742.14,-1.0
2017-08-14,1793.48,-1.0
2017-08-15,1798.57,-1.0
2017-08-16,1825.19,-1.0
2017-08-17,1833.4,-1.0
2017-08-18,1821.8,-1.0
2017-08-21,1829.22,-1.0
2017-08-22,1814.92,1.0
2017-08-23,1807.37,1.0
2017-08-24,1795.74,1.0
2017-08-25,1812.88,1.0
2017-08-28,1842.83,1.0
2017-08-29,1831.59,1.0
2017-08-30,1838.63,1.0
2017-08-31,1849.38,1.0
2017-09-01,1865.25,1.0
2017-09-04,1883.62,1.0
2017-09-05,1885.16,1.0
2017-09-06,1902.86,1.0
2017-09-07,1890.38,1.0
2017-09-08,1885.27,1.0
2017-09-11,1896.38,1.0
2017-09-12,1884.48,1.0
2017-09-13,1888.43,1.0
2017-09-14,1879.25,1.0
2017-09-15,1875.63,1.0
2017-09-18,1894.8,1.0
2017-09-19,1880.3,1.0
2017-09-20,1892.67,1.0
2017-09-21,1872.77,1.0
2017-09-22,1866.42,1.0
2017-09-25,1843.62,1.0
2017-09-26,1839.46,1.0
2017-09-27,1854.94,1.0
2017-09-28,1854.73,1.0
2017-09-29,1866.98,1.0
2017-10-09,1889.84,1.0
2017-10-10,1917.46,1.0
2017-10-11,1901.55,1.0
2017-10-12,1899.99,1.0
2017-10-13,1926.07,1.0
2017-10-16,1882.69,1.0
2017-10-17,1876.99,1.0
2017-10-18,1868.16,-1.0
2017-10-19,1862.61,-1.0
2017-10-20,1880.21,-1.0
2017-10-23,1898.76,-1.0
2017-10-24,1901.69,-1.0
2017-10-25,1913.26,-1.0
2017-10-26,1910.72,-1.0
2017-10-27,1896.22,-1.0
2017-10-30,1855.99,-1.0
2017-10-31,1869.79,-1.0
2017-11-01,1872.75,-1.0
2017-11-02,1847.57,1.0
2017-11-03,1832.97,1.0
2017-11-06,1850.3,1.0
2017-11-07,1859.07,1.0
2017-11-08,1866.14,1.0
2017-11-09,1884.11,1.0
2017-11-10,1900.63,1.0
2017-11-13,1906.44,1.0
2017-11-14,1896.72,1.0
2017-11-15,1868.08,1.0
2017-11-16,1878.26,1.0
2017-11-17,1833.9,1.0
2017-11-20,1859.75,-1.0
2017-11-21,1856.96,-1.0
2017-11-22,1853.38,-1.0
2017-11-23,1794.78,-1.0
2017-11-24,1782.66,-1.0
2017-11-27,1760.9,-1.0
2017-11-28,1793.87,-1.0
2017-11-29,1787.38,-1.0
2017-11-30,1770.3,-1.0
2017-12-01,1804.62,-1.0
2017-12-04,1797.77,-1.0
2017-12-05,1758.59,-1.0
2017-12-06,1784.31,-1.0
2017-12-07,1776.99,-1.0
2017-12-08,1792.16,-1.0
2017-12-11,1816.98,-1.0
2017-12-12,1798.69,-1.0
2017-12-13,1806.09,-1.0
2017-12-14,1794.34,-1.0
2017-12-15,1783.97,-1.0
2017-12-18,1780.64,-1.0
2017-12-19,1798.5,-1.0
2017-12-20,1782.41,-1.0
2017-12-21,1789.74,-1.0
2017-12-22,1779.34,-1.0
2017-12-25,1755.81,-1.0
2017-12-26,1758.82,-1.0
2017-12-27,1745.24,-1.0
2017-12-28,1745.02,-1.0
2017-12-29,1752.65,-1.0
2018-01-02,1769.67,-1.0
2018-01-03,1795.38,-1.0
2018-01-04,1794.61,-1.0
2018-01-05,1801.42,-1.0
2018-01-08,1806.16,-1.0
2018-01-09,1803.59,-1.0
2018-01-10,1791.08,-1.0
2018-01-11,1804.23,-1.0
2018-01-12,1785.71,-1.0
2018-01-15,1732.62,-1.0
2018-01-16,1729.6,-1.0
2018-01-17,1742.03,-1.0
2018-01-18,1738.0,-1.0
2018-01-19,1728.14,-1.0
2018-01-22,1768.21,-1.0
2018-01-23,1767.83,-1.0
2018-01-24,1813.28,-1.0
2018-01-25,1810.83,-1.0
2018-01-26,1816.8,-1.0
2018-01-29,1799.77,-1.0
2018-01-30,1782.4,-1.0
2018-01-31,1735.06,-1.0
2018-02-01,1697.39,-1.0
2018-02-02,1702.43,1.0
2018-02-05,1688.27,1.0
2018-02-06,1598.12,1.0
2018-02-07,1616.4,1.0
2018-02-08,1641.43,1.0
2018-02-09,1592.51,1.0
2018-02-12,1648.07,1.0
2018-02-13,1648.58,1.0
2018-02-14,1646.77,1.0
2018-02-22,1677.76,1.0
2018-02-23,1668.83,1.0
2018-02-26,1729.15,1.0
2018-02-27,1743.54,1.0
2018-02-28,1753.63,1.0
2018-03-01,1789.85,1.0
2018-03-02,1772.01,1.0
2018-03-05,1795.69,1.0
2018-03-06,1797.61,1.0
2018-03-07,1785.27,1.0
2018-03-08,1793.22,1.0
2018-03-09,1856.46,1.0
2018-03-12,1882.41,1.0
2018-03-13,1872.68,1.0
2018-03-14,1841.29,1.0
2018-03-15,1848.71,1.0
2018-03-16,1821.32,1.0
2018-03-19,1842.92,1.0
2018-03-20,1864.62,1.0
2018-03-21,1829.91,1.0
2018-03-22,1817.23,1.0
2018-03-23,1726.02,1.0
2018-03-26,1780.61,1.0
2018-03-27,1844.69,1.0
2018-03-28,1835.15,1.0
2018-03-29,1842.19,1.0
2018-03-30,1900.48,1.0
2018-04-02,1900.25,1.0
2018-04-03,1872.47,1.0
2018-04-04,1836.81,1.0
2018-04-09,1841.65,1.0
2018-04-10,1835.52,1.0
2018-04-11,1834.63,1.0
2018-04-12,1826.89,1.0
2018-04-13,1824.59,1.0
2018-04-16,1838.71,1.0
2018-04-17,1783.74,1.0
2018-04-18,1822.26,1.0
2018-04-19,1820.28,1.0
2018-04-20,1782.81,1.0
2018-04-23,1753.05,1.0
2018-04-24,1806.86,1.0
2018-04-25,1819.41,-1.0
2018-04-26,1781.28,-1.0
2018-04-27,1805.6,1.0
2018-05-02,1801.57,1.0
2018-05-03,1826.79,1.0
2018-05-04,1814.85,-1.0
2018-05-07,1852.34,-1.0
2018-05-08,1856.87,-1.0
2018-05-09,1855.81,-1.0
2018-05-10,1865.36,-1.0
2018-05-11,1834.78,-1.0
2018-05-14,1830.98,-1.0
2018-05-15,1858.01,-1.0
2018-05-16,1846.67,-1.0
2018-05-17,1831.2,-1.0
2018-05-18,1836.75,-1.0
2018-05-21,1862.48,-1.0
2018-05-22,1876.0,-1.0
2018-05-23,1845.97,-1.0
2018-05-24,1838.4,-1.0
2018-05-25,1804.55,-1.0
2018-05-28,1796.91,-1.0
2018-05-29,1773.65,-1.0
2018-05-30,1726.22,-1.0
2018-05-31,1743.74,-1.0
2018-06-01,1709.55,-1.0
2018-06-04,1702.93,-1.0
2018-06-05,1746.11,-1.0
2018-06-06,1743.25,-1.0
2018-06-07,1730.38,-1.0
2018-06-08,1711.52,-1.0
2018-06-11,1688.62,-1.0
2018-06-12,1712.77,-1.0
2018-06-13,1685.89,-1.0
2018-06-14,1673.32,-1.0
2018-06-15,1641.66,-1.0
2018-06-19,1547.15,-1.0
2018-06-20,1563.79,-1.0
2018-06-21,1521.68,-1.0
2018-06-22,1549.66,-1.0
2018-06-25,1538.57,-1.0
2018-06-26,1564.92,-1.0
2018-06-27,1546.23,-1.0
2018-06-28,1543.66,-1.0
2018-06-29,1606.71,1.0
2018-07-02,1588.37,1.0
2018-07-03,1607.12,1.0
2018-07-04,1565.61,1.0
2018-07-05,1532.68,1.0
2018-07-06,1541.31,1.0
2018-07-09,1581.93,1.0
2018-07-10,1592.98,-1.0
2018-07-11,1563.01,-1.0
2018-07-12,1614.63,-1.0
2018-07-13,1618.46,-1.0
2018-07-16,1616.91,-1.0
2018-07-17,1621.63,-1.0
2018-07-18,1607.88,-1.0
2018-07-19,1590.06,-1.0
2018-07-20,1609.55,-1.0
2018-07-23,1620.97,-1.0
2018-07-24,1629.61,-1.0
2018-07-25,1632.32,-1.0
2018-07-26,1606.12,-1.0
2018-07-27,1594.57,-1.0
2018-07-30,1559.64,1.0
2018-07-31,1561.26,1.0
2018-08-01,1541.86,1.0
2018-08-02,1510.09,1.0
2018-08-03,1481.61,1.0
2018-08-06,1440.8,1.0
2018-08-07,1479.44,1.0
2018-08-08,1447.76,1.0
2018-08-09,1497.61,1.0
2018-08-10,1511.71,1.0
2018-08-13,1531.34,1.0
2018-08-14,1518.49,1.0
2018-08-15,1478.51,1.0
2018-08-16,1463.87,1.0
2018-08-17,1434.31,1.0
2018-08-20,1435.69,1.0
2018-08-21,1456.97,1.0
2018-08-22,1439.55,1.0
2018-08-23,1455.5,1.0
2018-08-24,1450.09,-1.0
2018-08-27,1493.43,-1.0
2018-08-28,1493.11,-1.0
2018-08-29,1481.19,-1.0
2018-08-30,1457.92,-1.0
2018-08-31,1435.2,-1.0
2018-09-03,1443.69,-1.0
2018-09-04,1455.5,-1.0
2018-09-05,1430.24,-1.0
2018-09-06,1422.87,-1.0
2018-09-07,1425.23,-1.0
2018-09-10,1390.82,-1.0
2018-09-11,1395.17,-1.0
2018-09-12,1385.8,-1.0
2018-09-13,1391.28,1.0
2018-09-14,1366.57,1.0
2018-09-17,1349.78,1.0
2018-09-18,1377.3,1.0
2018-09-19,1392.4,1.0
2018-09-20,1387.62,1.0
2018-09-21,1411.12,1.0
2018-09-25,1405.81,1.0
2018-09-26,1420.75,1.0
2018-09-27,1400.36,1.0
2018-09-28,1411.34,1.0
2018-10-08,1353.67,1.0
2018-10-09,1345.95,1.0
2018-10-10,1346.7,1.0
2018-10-11,1261.88,-1.0
2018-10-12,1268.41,-1.0
2018-10-15,1250.22,-1.0
2018-10-16,1216.69,1.0
2018-10-17,1231.86,1.0
2018-10-18,1205.03,-1.0
2018-10-19,1249.89,-1.0
2018-10-22,1314.94,-1.0
2018-10-23,1292.06,-1.0
2018-10-24,1284.1,-1.0
2018-10-25,1273.6,-1.0
2018-10-26,1263.19,-1.0
2018-10-29,1250.48,-1.0
2018-10-30,1259.95,-1.0
2018-10-31,1275.57,-1.0
2018-11-01,1286.33,-1.0
2018-11-02,1348.28,-1.0
2018-11-05,1348.88,-1.0
2018-11-06,1349.11,-1.0
2018-11-07,1345.77,-1.0
2018-11-08,1329.59,-1.0
2018-11-09,1322.83,-1.0
2018-11-12,1368.79,-1.0
2018-11-13,1392.05,-1.0
2018-11-14,1385.73,-1.0
2018-11-15,1405.25,-1.0
2018-11-16,1403.28,-1.0
2018-11-19,1394.4,1.0
2018-11-20,1355.33,1.0
2018-11-21,1363.03,1.0
2018-11-22,1353.92,1.0
2018-11-23,1308.74,-1.0
2018-11-26,1304.56,-1.0
2018-11-27,1315.43,-1.0
2018-11-28,1341.08,-1.0
2018-11-29,1312.72,-1.0
2018-11-30,1329.39,-1.0
2018-12-03,1372.79,-1.0
2018-12-04,1378.75,-1.0
2018-12-05,1381.77,-1.0
2018-12-06,1345.76,-1.0
2018-12-07,1341.02,-1.0
2018-12-10,1326.85,-1.0
2018-12-11,1338.08,-1.0
2018-12-12,1338.73,-1.0
2018-12-13,1348.5,-1.0
2018-12-14,1310.46,-1.0
2018-12-17,1299.17,-1.0
2018-12-18,1293.34,-1.0
2018-12-19,1268.81,-1.0
2018-12-20,1278.16,-1.0
2018-12-21,1270.3,-1.0
2018-12-24,1284.33,-1.0
2018-12-25,1273.45,1.0
2018-12-26,1264.07,1.0
2018-12-27,1248.08,1.0
2018-12-28,1250.53,1.0
2019-01-02,1228.77,1.0
2019-01-03,1214.5,1.0
2019-01-04,1245.16,1.0
2019-01-07,1268.06,1.0
2019-01-08,1263.51,1.0
2019-01-09,1262.52,-1.0
2019-01-10,1258.99,-1.0
2019-01-11,1261.56,-1.0
2019-01-14,1246.0,-1.0
2019-01-15,1266.27,-1.0
2019-01-16,1267.3,-1.0
2019-01-17,1251.41,-1.0
2019-01-18,1269.5,-1.0
2019-01-21,1274.79,-1.0
2019-01-22,1252.24,-1.0
2019-01-23,1251.13,-1.0
2019-01-24,1265.16,-1.0
2019-01-25,1265.49,1.0
2019-01-28,1259.74,1.0
2019-01-29,1243.59,1.0
2019-01-30,1230.82,1.0
2019-01-31,1227.99,1.0
2019-02-01,1271.27,1.0
2019-02-11,1316.1,1.0
2019-02-12,1332.27,1.0
2019-02-13,1357.67,1.0
2019-02-14,1361.94,1.0
2019-02-15,1357.84,1.0
2019-02-18,1413.6,1.0
2019-02-19,1406.04,1.0
2019-02-20,1408.38,1.0
2019-02-21,1412.54,1.0
2019-02-22,1456.3,1.0
2019-02-25,1536.37,1.0
2019-02-26,1546.99,1.0
2019-02-27,1520.42,1.0
2019-02-28,1535.68,1.0
2019-03-01,1567.87,1.0
2019-03-04,1619.71,1.0
2019-03-05,1676.57,1.0
2019-03-06,1700.5,1.0
2019-03-07,1692.42,1.0
2019-03-08,1654.49,1.0
2019-03-11,1727.8,1.0
2019-03-12,1773.43,1.0
2019-03-13,1693.86,1.0
2019-03-14,1650.19,1.0
2019-03-15,1662.62,1.0
2019-03-18,1707.06,1.0
2019-03-19,1708.87,1.0
2019-03-20,1687.9,1.0
2019-03-21,1703.85,1.0
2019-03-22,1693.87,1.0
2019-03-25,1668.84,1.0
2019-03-26,1630.19,-1.0
2019-03-27,1637.77,-1.0
2019-03-28,1626.82,-1.0
2019-03-29,1693.55,-1.0
2019-04-01,1760.89,-1.0
2019-04-02,1754.16,-1.0
2019-04-03,1768.18,1.0
2019-04-04,1777.26,1.0
2019-04-08,1739.66,1.0
2019-04-09,1741.17,1.0
2019-04-10,1726.64,1.0
2019-04-11,1691.1,1.0
2019-04-12,1695.73,-1.0
2019-04-15,1666.9,-1.0
2019-04-16,1697.53,-1.0
2019-04-17,1717.44,-1.0
2019-04-18,1704.55,-1.0
2019-04-19,1715.8,-1.0
2019-04-22,1697.51,-1.0
2019-04-23,1683.8,-1.0
2019-04-24,1718.85,-1.0
2019-04-25,1669.98,-1.0
2019-04-26,1657.82,-1.0
2019-04-29,1615.62,-1.0
2019-04-30,1623.78,-1.0
2019-05-06,1494.89,-1.0
2019-05-07,1504.16,-1.0
2019-05-08,1481.87,-1.0
2019-05-09,1469.48,-1.0
2019-05-10,1533.87,-1.0
2019-05-13,1503.06,-1.0
2019-05-14,1494.6,-1.0
2019-05-15,1528.69,-1.0
2019-05-16,1533.67,-1.0
2019-05-17,1478.75,-1.0
2019-05-20,1469.31,-1.0
2019-05-21,1493.72,-1.0
2019-05-22,1488.63,-1.0
2019-05-23,1451.24,-1.0
2019-05-24,1443.75,-1.0
2019-05-27,1491.95,-1.0
2019-05-28,1505.16,-1.0
2019-05-29,1497.89,-1.0
2019-05-30,1485.24,-1.0
2019-05-31,1483.66,-1.0
2019-06-03,1468.98,-1.0
2019-06-04,1456.27,-1.0
2019-06-05,1451.18,-1.0
2019-06-06,1416.06,-1.0
2019-06-10,1431.34,-1.0
2019-06-11,1487.35,-1.0
2019-06-12,1473.9,-1.0
2019-06-13,1479.83,-1.0
2019-06-14,1453.96,-1.0
2019-06-17,1442.35,-1.0
2019-06-18,1455.75,-1.0
2019-06-19,1469.99,-1.0
2019-06-20,1498.01,-1.0
2019-06-21,1523.81,-1.0
2019-06-24,1514.46,-1.0
2019-06-25,1498.47,-1.0
2019-06-26,1504.55,-1.0
2019-06-27,1525.24,-1.0
2019-06-28,1511.51,-1.0
2019-07-01,1568.16,-1.0
2019-07-02,1570.51,-1.0
2019-07-03,1544.36,-1.0
2019-07-04,1532.74,1.0
2019-07-05,1547.74,1.0
2019-07-08,1506.66,1.0
2019-07-09,1517.79,1.0
2019-07-10,1510.43,1.0
2019-07-11,1514.2,1.0
2019-07-12,1518.07,1.0
2019-07-15,1547.47,1.0
2019-07-16,1545.27,1.0
2019-07-17,1550.22,1.0
2019-07-18,1524.48,1.0
2019-07-19,1541.98,1.0
2019-07-22,1515.97,1.0
2019-07-23,1534.93,1.0
2019-07-24,1553.72,1.0
2019-07-25,1566.08,1.0
2019-07-26,1561.86,1.0
2019-07-29,1566.52,1.0
2019-07-30,1580.13,1.0
2019-07-31,1570.39,1.0
2019-08-01,1573.87,1.0
2019-08-02,1556.74,1.0
2019-08-05,1531.37,1.0
2019-08-06,1507.91,1.0
2019-08-07,1500.25,1.0
2019-08-08,1522.97,1.0
2019-08-09,1507.71,1.0
2019-08-12,1539.91,1.0
2019-08-13,1524.36,1.0
2019-08-14,1536.66,1.0
2019-08-15,1555.77,1.0
2019-08-16,1567.99,1.0
2019-08-19,1622.84,1.0
2019-08-20,1611.59,1.0
2019-08-21,1609.83,1.0
2019-08-22,1613.46,1.0
2019-08-23,1615.56,1.0
2019-08-26,1600.8,-1.0
2019-08-27,1628.12,-1.0
2019-08-28,1625.19,-1.0
2019-08-29,1620.86,-1.0
2019-08-30,1610.9,-1.0
2019-09-02,1652.29,-1.0
2019-09-03,1660.43,-1.0
2019-09-04,1669.41,-1.0
2019-09-05,1689.05,-1.0
2019-09-06,1692.24,-1.0
2019-09-09,1733.23,-1.0
2019-09-10,1725.31,1.0
2019-09-11,1703.54,1.0
2019-09-12,1710.57,1.0
2019-09-16,1714.37,1.0
2019-09-17,1677.99,1.0
2019-09-18,1679.31,-1.0
2019-09-19,1705.6,-1.0
2019-09-20,1705.05,-1.0
2019-09-23,1684.32,-1.0
2019-09-24,1694.6,1.0
2019-09-25,1672.65,1.0
2019-09-26,1623.79,1.0
2019-09-27,1647.53,1.0
2019-09-30,1627.55,1.0
2019-10-08,1616.58,-1.0
2019-10-09,1622.42,-1.0
2019-10-10,1666.97,-1.0
2019-10-11,1666.83,-1.0
2019-10-14,1679.38,-1.0
2019-10-15,1660.89,-1.0
2019-10-16,1656.37,-1.0
2019-10-17,1658.26,-1.0
2019-10-18,1648.63,-1.0
2019-10-21,1644.51,-1.0
2019-10-22,1666.87,-1.0
2019-10-23,1650.29,-1.0
2019-10-24,1653.86,-1.0
2019-10-25,1675.34,-1.0
2019-10-28,1704.42,-1.0
2019-10-29,1686.58,-1.0
2019-10-30,1684.08,-1.0
2019-10-31,1671.31,-1.0
2019-11-01,1687.0,-1.0
2019-11-04,1699.92,-1.0
2019-11-05,1713.29,-1.0
2019-11-06,1703.02,-1.0
2019-11-07,1715.58,1.0
2019-11-08,1711.22,1.0
2019-11-11,1673.13,1.0
2019-11-12,1671.44,1.0
2019-11-13,1681.79,1.0
2019-11-14,1692.58,1.0
2019-11-15,1674.78,1.0
2019-11-18,1682.49,1.0
2019-11-19,1729.08,1.0
2019-11-20,1719.66,1.0
2019-11-21,1713.2,1.0
2019-11-22,1679.8,1.0
2019-11-25,1661.77,1.0
2019-11-26,1679.08,1.0
2019-11-27,1674.39,1.0
2019-11-28,1673.79,1.0
2019-11-29,1664.9,1.0
2019-12-02,1669.54,-1.0
2019-12-03,1675.39,-1.0
2019-12-04,1673.78,-1.0
2019-12-05,1709.83,-1.0
2019-12-06,1726.8,-1.0
2019-12-09,1721.07,-1.0
2019-12-10,1734.02,-1.0
2019-12-11,1718.26,-1.0
2019-12-12,1720.99,-1.0
2019-12-13,1755.41,-1.0
2019-12-16,1780.33,-1.0
2019-12-17,1801.62,-1.0
2019-12-18,1792.42,-1.0
2019-12-19,1790.44,-1.0
2019-12-20,1771.71,-1.0
2019-12-23,1736.62,-1.0
2019-12-24,1769.87,-1.0
2019-12-25,1784.39,-1.0
2019-12-26,1793.64,-1.0
2019-12-27,1767.58,-1.0
2019-12-30,1790.24,-1.0
2019-12-31,1798.12,1.0
2020-01-02,1832.74,1.0
2020-01-03,1836.01,1.0
2020-01-06,1859.92,-1.0
2020-01-07,1893.21,-1.0
2020-01-08,1862.7,-1.0
2020-01-09,1913.14,-1.0
2020-01-10,1904.19,-1.0
2020-01-13,1935.07,-1.0
2020-01-14,1922.56,-1.0
2020-01-15,1924.24,1.0
2020-01-16,1929.96,1.0
2020-01-17,1932.51,1.0
2020-01-20,1982.18,1.0
2020-01-21,1967.03,1.0
2020-01-22,1993.9,1.0
2020-01-23,1927.74,1.0
2020-02-03,1795.77,1.0
2020-02-04,1882.69,1.0
2020-02-05,1939.62,1.0
2020-02-06,2012.25,1.0
2020-02-07,2015.8,1.0
2020-02-10,2042.18,1.0
2020-02-11,2028.44,-1.0
2020-02-12,2085.28,-1.0
2020-02-13,2064.6,-1.0
2020-02-14,2069.22,-1.0
2020-02-17,2146.18,1.0
2020-02-18,2170.95,1.0
2020-02-19,2139.44,1.0
2020-02-20,2186.74,1.0
2020-02-21,2226.64,1.0
2020-02-24,2263.97,1.0
2020-02-25,2287.31,1.0
2020-02-26,2180.7,1.0
2020-02-27,2196.71,1.0
2020-02-28,2071.57,1.0
2020-03-02,2135.42,1.0
2020-03-03,2173.35,-1.0
2020-03-04,2169.44,-1.0
2020-03-05,2209.59,-1.0
2020-03-06,2192.94,-1.0
2020-03-09,2093.06,-1.0
2020-03-10,2148.81,-1.0
2020-03-11,2101.46,-1.0
2020-03-12,2045.93,-1.0
2020-03-13,2030.58,-1.0
2020-03-16,1910.77,-1.0
2020-03-17,1917.7,-1.0
2020-03-18,1887.04,-1.0
2020-03-19,1894.94,-1.0
2020-03-20,1915.05,-1.0
2020-03-23,1827.05,-1.0
2020-03-24,1876.91,-1.0
2020-03-25,1937.85,-1.0
2020-03-26,1927.28,-1.0
2020-03-27,1903.88,-1.0
2020-03-30,1860.48,-1.0
2020-03-31,1871.92,-1.0
2020-04-01,1864.8,-1.0
2020-04-02,1916.95,-1.0
2020-04-03,1906.67,-1.0
2020-04-07,1969.78,-1.0
2020-04-08,1964.76,-1.0
2020-04-09,1997.14,-1.0
2020-04-10,1949.88,-1.0
2020-04-13,1923.08,-1.0
2020-04-14,1985.43,-1.0
2020-04-15,1977.51,-1.0
2020-04-16,2008.39,-1.0
2020-04-17,2020.77,-1.0
2020-04-20,2043.44,-1.0
2020-04-21,2023.94,-1.0
2020-04-22,2043.17,-1.0
2020-04-23,2029.52,-1.0
2020-04-24,2003.75,-1.0
2020-04-27,2018.67,-1.0
2020-04-28,2030.72,-1.0
2020-04-29,2030.48,-1.0
2020-04-30,2069.43,-1.0
2020-05-06,2110.27,-1.0
2020-05-07,2106.84,1.0
2020-05-08,2125.24,1.0
2020-05-11,2102.83,1.0
2020-05-12,2124.15,1.0
2020-05-13,2140.68,1.0
2020-05-14,2117.65,1.0
2020-05-15,2124.31,1.0
2020-05-18,2114.86,1.0
2020-05-19,2144.12,1.0
2020-05-20,2118.12,1.0
2020-05-21,2099.43,1.0
2020-05-22,2046.6,1.0
2020-05-25,2052.3,1.0
2020-05-26,2112.97,1.0
2020-05-27,2071.47,1.0
2020-05-28,2054.96,1.0
2020-05-29,2086.67,1.0
2020-06-01,2158.22,1.0
2020-06-02,2145.29,1.0
2020-06-03,2143.12,-1.0
2020-06-04,2151.38,-1.0
2020-06-05,2166.38,-1.0
2020-06-08,2153.56,-1.0
2020-06-09,2181.59,-1.0
2020-06-10,2201.99,-1.0
2020-06-11,2195.64,-1.0
2020-06-12,2206.76,-1.0
2020-06-15,2219.55,-1.0
2020-06-16,2260.46,1.0
2020-06-17,2263.96,1.0
2020-06-18,2266.03,-1.0
2020-06-19,2319.45,-1.0
2020-06-22,2342.88,1.0
2020-06-23,2382.05,1.0
2020-06-24,2382.47,1.0
2020-06-29,2372.54,1.0
2020-06-30,2438.2,1.0
2020-07-01,2419.63,1.0
2020-07-02,2424.39,1.0
2020-07-03,2462.56,1.0
2020-07-06,2529.49,1.0
2020-07-07,2591.26,1.0
2020-07-08,2651.97,1.0
2020-07-09,2757.65,1.0
2020-07-10,2778.46,1.0
2020-07-13,2889.43,1.0
2020-07-14,2858.67,1.0
2020-07-15,2813.06,1.0
2020-07-16,2646.26,1.0
2020-07-17,2662.4,1.0
2020-07-20,2697.3,1.0
2020-07-21,2736.51,1.0
2020-07-22,2769.03,1.0
2020-07-23,2799.67,1.0
2020-07-24,2627.84,1.0
2020-07-27,2631.76,-1.0
2020-07-28,2666.52,-1.0
2020-07-29,2767.4,-1.0
2020-07-30,2743.63,-1.0
2020-07-31,2795.4,-1.0
2020-08-03,2868.88,-1.0
2020-08-04,2832.84,-1.0
2020-08-05,2860.24,-1.0
2020-08-06,2814.37,-1.0
2020-08-07,2749.95,-1.0
2020-08-10,2735.26,-1.0
2020-08-11,2688.7,-1.0
2020-08-12,2635.5,-1.0
2020-08-13,2622.64,-1.0
2020-08-14,2668.71,-1.0
2020-08-17,2696.39,-1.0
2020-08-18,2701.06,-1.0
2020-08-19,2612.84,-1.0
2020-08-20,2587.86,-1.0
2020-08-21,2632.45,-1.0
2020-08-24,2684.63,-1.0
2020-08-25,2701.6,-1.0
2020-08-26,2644.15,-1.0
2020-08-27,2689.17,-1.0
2020-08-28,2757.84,-1.0
2020-08-31,2728.31,-1.0
2020-09-01,2750.42,-1.0
2020-09-02,2771.85,-1.0
2020-09-03,2746.95,-1.0
2020-09-04,2732.15,-1.0
2020-09-07,2641.2,-1.0
2020-09-08,2650.63,1.0
2020-09-09,2523.4,1.0
2020-09-10,2483.03,1.0
2020-09-11,2536.62,1.0
2020-09-14,2572.6,1.0
2020-09-15,2595.15,1.0
2020-09-16,2554.8,1.0
2020-09-17,2557.32,1.0
2020-09-18,2596.08,1.0
2020-09-21,2569.22,1.0
2020-09-22,2555.54,1.0
2020-09-23,2599.88,1.0
2020-09-24,2535.87,1.0
2020-09-25,2540.43,1.0
2020-09-28,2521.25,1.0
2020-09-29,2563.38,1.0
2020-09-30,2574.76,1.0
2020-10-09,2672.93,1.0
2020-10-12,2777.39,1.0
2020-10-13,2784.72,1.0
2020-10-14,2764.24,1.0
2020-10-15,2737.96,1.0
2020-10-16,2724.5,1.0
2020-10-19,2689.67,1.0
2020-10-20,2740.58,1.0
2020-10-21,2700.53,1.0
2020-10-22,2673.59,1.0
2020-10-23,2600.84,1.0
2020-10-26,2617.74,1.0
2020-10-27,2650.76,1.0
2020-10-28,2670.48,1.0
2020-10-29,2699.92,1.0
2020-10-30,2655.86,-1.0
2020-11-02,2708.39,-1.0
2020-11-03,2744.31,-1.0
2020-11-04,2750.55,1.0
2020-11-05,2787.88,1.0
2020-11-06,2733.07,1.0
2020-11-09,2814.0,1.0
2020-11-10,2773.22,1.0
2020-11-11,2681.52,1.0
2020-11-12,2700.51,1.0
2020-11-13,2706.81,1.0
2020-11-16,2712.41,1.0
2020-11-17,2658.09,1.0
2020-11-18,2620.67,1.0
2020-11-19,2645.16,1.0
2020-11-20,2667.09,1.0
2020-11-23,2686.36,1.0
2020-11-24,2674.8,1.0
2020-11-25,2615.53,1.0
2020-11-26,2609.39,1.0
2020-11-27,2618.99,1.0
2020-11-30,2631.89,-1.0
2020-12-01,2698.44,-1.0
2020-12-02,2682.97,-1.0
2020-12-03,2712.52,-1.0
2020-12-04,2730.84,-1.0
2020-12-07,2726.48,-1.0
2020-12-08,2746.28,-1.0
2020-12-09,2697.83,1.0
2020-12-10,2718.55,1.0
2020-12-11,2687.78,-1.0
2020-12-14,2726.6,-1.0
2020-12-15,2758.85,-1.0
2020-12-16,2760.64,-1.0
2020-12-17,2785.62,-1.0
2020-12-18,2780.73,-1.0
2020-12-21,2882.44,-1.0
2020-12-22,2811.75,-1.0
2020-12-23,2842.97,-1.0
2020-12-24,2820.75,-1.0
2020-12-25,2840.8,-1.0
2020-12-28,2842.81,-1.0
2020-12-29,2813.0,-1.0
2020-12-30,2900.54,-1.0
2020-12-31,2966.26,-1.0
2021-01-04,3078.11,-1.0
2021-01-05,3097.98,1.0
2021-01-06,3115.09,1.0
2021-01-07,3162.4,1.0
2021-01-08,3150.78,1.0
2021-01-11,3092.86,1.0
2021-01-12,3180.35,1.0
2021-01-13,3130.3,1.0
2021-01-14,3089.18,1.0
2021-01-15,3089.94,1.0
2021-01-18,3149.2,1.0
2021-01-19,3084.49,1.0
2021-01-20,3204.93,1.0
2021-01-21,3283.72,-1.0
2021-01-22,3358.24,-1.0
2021-01-25,3355.24,-1.0
2021-01-26,3258.36,1.0
2021-01-27,3281.03,1.0
2021-01-28,3161.86,1.0
2021-01-29,3128.86,1.0
2021-02-01,3159.99,-1.0
2021-02-02,3228.7,-1.0
2021-02-03,3223.77,-1.0
2021-02-04,3200.55,-1.0
2021-02-05,3193.71,-1.0
2021-02-08,3278.06,-1.0
2021-02-09,3334.24,-1.0
2021-02-10,3413.81,-1.0
2021-02-18,3320.14,1.0
2021-02-19,3285.53,1.0
2021-02-22,3138.67,1.0
2021-02-23,3112.36,-1.0
2021-02-24,3007.46,-1.0
2021-02-25,2977.18,-1.0
2021-02-26,2914.11,-1.0
2021-03-01,2994.75,-1.0
2021-03-02,2966.89,-1.0
2021-03-03,2997.75,-1.0
2021-03-04,2851.87,-1.0
2021-03-05,2871.97,-1.0
2021-03-08,2728.84,-1.0
2021-03-09,2633.45,-1.0
2021-03-10,2676.7,-1.0
2021-03-11,2746.58,-1.0
2021-03-12,2756.81,-1.0
2021-03-15,2644.01,-1.0
2021-03-16,2672.12,-1.0
2021-03-17,2704.14,-1.0
2021-03-18,2748.73,-1.0
2021-03-19,2671.52,-1.0
2021-03-22,2698.26,-1.0
2021-03-23,2668.08,-1.0
2021-03-24,2634.61,-1.0
2021-03-25,2656.0,-1.0
2021-03-26,2745.4,-1.0
2021-03-29,2733.96,-1.0
2021-03-30,2771.32,-1.0
2021-03-31,2758.5,-1.0
2021-04-01,2815.41,-1.0
2021-04-02,2852.23,-1.0
2021-04-06,2831.6,-1.0
2021-04-07,2807.2,-1.0
2021-04-08,2826.99,-1.0
2021-04-09,2783.33,-1.0
2021-04-12,2719.95,-1.0
2021-04-13,2742.85,-1.0
2021-04-14,2804.41,-1.0
2021-04-15,2790.64,-1.0
2021-04-16,2783.37,-1.0
2021-04-19,2898.73,-1.0
2021-04-20,2896.11,-1.0
2021-04-21,2916.97,-1.0
2021-04-22,2939.39,-1.0
2021-04-23,2994.49,-1.0
2021-04-26,2969.4,1.0
2021-04-27,2986.03,1.0
2021-04-28,3050.58,1.0
2021-04-29,3051.42,1.0
2021-04-30,3091.4,1.0
2021-05-06,3014.81,1.0
2021-05-07,2910.41,1.0
2021-05-10,2921.72,1.0
2021-05-11,2921.34,1.0
2021-05-12,2960.36,1.0
2021-05-13,2943.62,1.0
2021-05-14,3033.81,-1.0
2021-05-17,3112.74,-1.0
2021-05-18,3090.12,-1.0
2021-05-19,3114.72,-1.0
2021-05-20,3143.62,-1.0
2021-05-21,3113.26,-1.0
2021-05-24,3139.69,-1.0
2021-05-25,3227.36,-1.0
2021-05-26,3196.85,-1.0
2021-05-27,3226.11,1.0
2021-05-28,3232.29,1.0
2021-05-31,3309.07,1.0
2021-06-01,3300.16,1.0
2021-06-02,3243.02,1.0
2021-06-03,3201.78,1.0
2021-06-04,3242.61,1.0
2021-06-07,3228.24,1.0
2021-06-08,3208.57,1.0
2021-06-09,3207.63,1.0
2021-06-10,3285.51,-1.0
2021-06-11,3298.5,-1.0
2021-06-15,3262.19,-1.0
2021-06-16,3125.7,-1.0
2021-06-17,3188.59,-1.0
2021-06-18,3239.23,-1.0
2021-06-21,3270.58,-1.0
2021-06-22,3281.99,-1.0
2021-06-23,3318.95,-1.0
2021-06-24,3279.16,-1.0
2021-06-25,3347.7,-1.0
2021-06-28,3412.86,-1.0
2021-06-29,3406.24,-1.0
2021-06-30,3477.18,1.0
2021-07-01,3455.36,1.0
2021-07-02,3333.9,1.0
2021-07-05,3352.12,1.0
2021-07-06,3291.99,1.0
2021-07-07,3409.59,1.0
2021-07-08,3432.96,1.0
2021-07-09,3409.31,1.0
2021-07-12,3534.76,1.0
2021-07-13,3514.98,1.0
2021-07-14,3488.63,1.0
2021-07-15,3537.39,1.0
2021-07-16,3432.65,1.0
2021-07-19,3449.53,-1.0
2021-07-20,3463.79,-1.0
2021-07-21,3560.05,-1.0
2021-07-22,3544.44,-1.0
2021-07-23,3469.87,-1.0
2021-07-26,3371.23,-1.0
2021-07-27,3232.84,-1.0
2021-07-28,3284.92,1.0
2021-07-29,3459.72,1.0
2021-07-30,3440.18,1.0
2021-08-02,3493.36,1.0
2021-08-03,3477.23,1.0
2021-08-04,3563.13,1.0
2021-08-05,3532.5,1.0
2021-08-06,3490.9,1.0
2021-08-09,3456.75,1.0
2021-08-10,3468.67,1.0
2021-08-11,3437.06,1.0
2021-08-12,3386.43,-1.0
2021-08-13,3345.13,-1.0
2021-08-16,3301.39,-1.0
2021-08-17,3224.15,-1.0
2021-08-18,3248.37,-1.0
2021-08-19,3278.36,-1.0
2021-08-20,3192.9,-1.0
2021-08-23,3293.77,-1.0
2021-08-24,3330.58,-1.0
2021-08-25,3348.66,-1.0
2021-08-26,3264.45,-1.0
2021-08-27,3257.07,-1.0
2021-08-30,3271.8,-1.0
2021-08-31,3214.12,-1.0
2021-09-01,3186.85,1.0
2021-09-02,3138.8,-1.0
2021-09-03,3102.14,-1.0
2021-09-06,3228.09,-1.0
2021-09-07,3251.49,-1.0
2021-09-08,3219.95,-1.0
2021-09-09,3221.94,-1.0
2021-09-10,3232.01,-1.0
2021-09-13,3194.27,-1.0
2021-09-14,3236.55,-1.0
2021-09-15,3200.4,-1.0
2021-09-16,3128.84,-1.0
2021-09-17,3193.26,-1.0
2021-09-22,3164.33,-1.0
2021-09-23,3182.47,-1.0
2021-09-24,3207.82,-1.0
2021-09-27,3231.58,-1.0
2021-09-28,3211.45,-1.0
2021-09-29,3175.15,-1.0
2021-09-30,3244.65,-1.0
2021-10-08,3243.2,-1.0
2021-10-11,3196.19,1.0
2021-10-12,3138.26,1.0
2021-10-13,3210.16,1.0
2021-10-14,3215.74,-1.0
2021-10-15,3276.32,1.0
2021-10-18,3276.48,1.0
2021-10-19,3297.29,1.0
2021-10-20,3285.12,1.0
2021-10-21,3279.49,1.0
2021-10-22,3284.91,1.0
2021-10-25,3338.62,1.0
2021-10-26,3327.54,1.0
2021-10-27,3308.96,1.0
2021-10-28,3278.36,1.0
2021-10-29,3350.67,1.0
2021-11-01,3331.91,1.0
2021-11-02,3339.6,1.0
2021-11-03,3327.09,1.0
2021-11-04,3362.25,1.0
2021-11-05,3352.75,1.0
2021-11-08,3380.29,1.0
2021-11-09,3409.94,-1.0
2021-11-10,3399.66,-1.0
2021-11-11,3433.24,-1.0
2021-11-12,3430.14,-1.0
2021-11-15,3401.87,-1.0
2021-11-16,3393.71,-1.0
2021-11-17,3421.33,-1.0
2021-11-18,3383.91,-1.0
2021-11-19,3418.96,-1.0
2021-11-22,3505.73,-1.0
2021-11-23,3492.77,-1.0
2021-11-24,3478.66,-1.0
2021-11-25,3474.45,1.0
2021-11-26,3468.87,1.0
2021-11-29,3503.41,1.0
2021-11-30,3495.59,1.0
2021-12-01,3473.37,1.0
2021-12-02,3466.91,1.0
2021-12-03,3478.67,1.0
2021-12-06,3405.93,-1.0
2021-12-07,3368.78,-1.0
2021-12-08,3424.7,-1.0
2021-12-09,3459.32,-1.0
2021-12-10,3466.8,-1.0
2021-12-13,3496.96,-1.0
2021-12-14,3495.06,-1.0
2021-12-15,3464.76,-1.0
2021-12-16,3490.45,-1.0
2021-12-17,3434.34,-1.0
2021-12-20,3332.61,-1.0
2021-12-21,3350.43,-1.0
2021-12-22,3368.7,-1.0
2021-12-23,3373.7,-1.0
2021-12-24,3297.11,-1.0
2021-12-27,3293.81,-1.0
2021-12-28,3328.56,-1.0
2021-12-29,3281.9,-1.0
2021-12-30,3322.79,-1.0
2021-12-31,3322.67,-1.0
2022-01-04,3250.16,-1.0
2022-01-05,3161.51,-1.0
2022-01-06,3127.48,-1.0
2022-01-07,3096.88,-1.0
2022-01-10,3095.69,-1.0
2022-01-11,3056.15,-1.0
2022-01-12,3136.69,-1.0
2022-01-13,3083.14,-1.0
2022-01-14,3119.41,1.0
2022-01-17,3170.41,1.0
2022-01-18,3144.33,1.0
2022-01-19,3075.98,-1.0
2022-01-20,3065.99,-1.0
2022-01-21,3034.68,-1.0
2022-01-24,3056.43,-1.0
2022-01-25,2974.96,-1.0
2022-01-26,3004.41,-1.0
2022-01-27,2906.76,-1.0
2022-01-28,2908.94,-1.0
2022-02-07,2917.86,-1.0
2022-02-08,2846.48,-1.0
2022-02-09,2883.6,-1.0
2022-02-10,2826.52,-1.0
2022-02-11,2746.38,-1.0
2022-02-14,2732.01,1.0
2022-02-15,2816.44,1.0
2022-02-16,2818.4,1.0
2022-02-17,2839.83,1.0
2022-02-18,2826.81,1.0
2022-02-21,2804.6,1.0
2022-02-22,2765.91,1.0
2022-02-23,2843.87,1.0
2022-02-24,2783.9,1.0
2022-02-25,2855.8,1.0
2022-02-28,2881.31,1.0
2022-03-01,2885.79,1.0
2022-03-02,2834.64,1.0
2022-03-03,2791.95,1.0
2022-03-04,2748.64,1.0
2022-03-07,2630.37,1.0
2022-03-08,2582.99,1.0
2022-03-09,2566.72,1.0
2022-03-10,2635.19,1.0
2022-03-11,2665.46,1.0
2022-03-14,2570.45,1.0
2022-03-15,2504.78,1.0
2022-03-16,2635.08,1.0
2022-03-17,2710.73,1.0
2022-03-18,2713.79,1.0
2022-03-21,2726.18,1.0
2022-03-22,2688.23,1.0
2022-03-23,2715.95,1.0
2022-03-24,2706.21,-1.0
2022-03-25,2637.94,-1.0
2022-03-28,2594.13,-1.0
2022-03-29,2592.67,-1.0
2022-03-30,2696.83,-1.0
2022-03-31,2659.49,-1.0
2022-04-01,2666.97,-1.0
2022-04-06,2633.91,-1.0
2022-04-07,2578.53,-1.0
2022-04-08,2569.91,-1.0
2022-04-11,2462.04,-1.0
2022-04-12,2523.69,-1.0
2022-04-13,2466.84,-1.0
2022-04-14,2466.29,-1.0
2022-04-15,2460.36,-1.0
2022-04-18,2487.77,-1.0
2022-04-19,2453.55,-1.0
2022-04-20,2363.65,-1.0
2022-04-21,2312.46,-1.0
2022-04-22,2296.6,-1.0
2022-04-25,2169.0,-1.0
2022-04-26,2150.51,-1.0
2022-04-27,2269.17,-1.0
2022-04-28,2227.65,-1.0
2022-04-29,2319.14,-1.0
2022-05-05,2288.4,-1.0
2022-05-06,2244.97,1.0
2022-05-09,2228.07,1.0
2022-05-10,2276.35,1.0
2022-05-11,2346.15,1.0
2022-05-12,2351.27,1.0
2022-05-13,2358.16,1.0
2022-05-16,2331.23,1.0
2022-05-17,2369.09,1.0
2022-05-18,2365.38,-1.0
2022-05-19,2377.13,-1.0
2022-05-20,2417.35,-1.0
2022-05-23,2410.12,-1.0
2022-05-24,2318.07,-1.0
2022-05-25,2325.6,-1.0
2022-05-26,2321.13,-1.0
2022-05-27,2322.48,-1.0
2022-05-30,2350.38,-1.0
2022-05-31,2405.08,-1.0
2022-06-01,2428.96,-1.0
2022-06-02,2458.26,-1.0
2022-06-06,2554.66,1.0
2022-06-07,2554.63,1.0
2022-06-08,2576.34,1.0
2022-06-09,2500.21,1.0
2022-06-10,2556.47,1.0
2022-06-13,2546.49,1.0
2022-06-14,2548.31,1.0
2022-06-15,2575.09,1.0
2022-06-16,2585.47,1.0
2022-06-17,2657.21,1.0
2022-06-20,2710.14,1.0
2022-06-21,2692.98,1.0
2022-06-22,2677.29,1.0
2022-06-23,2760.1,1.0
2022-06-24,2824.44,1.0
2022-06-27,2830.6,1.0
2022-06-28,2840.42,1.0
2022-06-29,2768.61,1.0
2022-06-30,2810.6,1.0
2022-07-01,2781.94,1.0
2022-07-04,2834.69,1.0
2022-07-05,2825.13,1.0
2022-07-06,2802.72,1.0
2022-07-07,2849.71,1.0
2022-07-08,2817.64,1.0
2022-07-11,2767.46,1.0
2022-07-12,2702.69,1.0
2022-07-13,2746.86,1.0
2022-07-14,2819.13,1.0
2022-07-15,2760.5,1.0
2022-07-18,2800.36,1.0
2022-07-19,2750.87,1.0
2022-07-20,2765.16,1.0
2022-07-21,2751.41,-1.0
2022-07-22,2737.31,-1.0
2022-07-25,2704.95,-1.0
2022-07-26,2713.46,-1.0
2022-07-27,2714.25,-1.0
2022-07-28,2705.9,-1.0
2022-07-29,2670.45,-1.0
2022-08-01,2733.74,-1.0
2022-08-02,2678.62,-1.0
2022-08-03,2628.82,-1.0
2022-08-04,2640.78,-1.0
2022-08-05,2683.6,-1.0
2022-08-08,2675.69,-1.0
2022-08-09,2694.8,-1.0
2022-08-10,2658.58,-1.0
2022-08-11,2721.49,1.0
2022-08-12,2690.83,1.0
2022-08-15,2718.59,1.0
2022-08-16,2731.39,-1.0
2022-08-17,2777.91,-1.0
2022-08-18,2775.82,1.0
2022-08-19,2734.22,1.0
2022-08-22,2779.02,1.0
2022-08-23,2780.31,-1.0
2022-08-24,2679.05,-1.0
2022-08-25,2667.3,-1.0
2022-08-26,2640.29,-1.0
2022-08-29,2630.51,-1.0
2022-08-30,2612.14,-1.0
2022-08-31,2570.41,-1.0
2022-09-01,2533.85,-1.0
2022-09-02,2533.02,-1.0
2022-09-05,2538.2,-1.0
2022-09-06,2540.64,-1.0
2022-09-07,2570.8,-1.0
2022-09-08,2523.01,-1.0
2022-09-09,2548.22,-1.0
2022-09-13,2550.63,-1.0
2022-09-14,2503.82,-1.0
2022-09-15,2424.19,1.0
2022-09-16,2367.4,1.0
2022-09-19,2350.38,1.0
2022-09-20,2366.9,-1.0
2022-09-21,2331.52,-1.0
2022-09-22,2319.42,-1.0
2022-09-23,2303.91,-1.0
2022-09-26,2323.05,-1.0
2022-09-27,2374.74,-1.0
2022-09-28,2313.77,-1.0
2022-09-29,2333.0,-1.0
2022-09-30,2288.97,-1.0
2022-10-10,2236.24,-1.0
2022-10-11,2261.89,-1.0
2022-10-12,2343.3,-1.0
2022-10-13,2350.69,-1.0
2022-10-14,2434.22,-1.0
2022-10-17,2435.02,-1.0
2022-10-18,2446.93,1.0
2022-10-19,2425.96,1.0
2022-10-20,2401.72,-1.0
2022-10-21,2395.16,-1.0
2022-10-24,2336.84,-1.0
2022-10-25,2314.55,-1.0
2022-10-26,2372.88,-1.0
2022-10-27,2337.25,-1.0
2022-10-28,2250.51,-1.0
2022-10-31,2265.08,-1.0
2022-11-01,2337.65,-1.0
2022-11-02,2375.86,-1.0
2022-11-03,2376.06,-1.0
2022-11-04,2451.22,-1.0
2022-11-07,2454.69,-1.0
2022-11-08,2432.4,-1.0
2022-11-09,2399.34,-1.0
2022-11-10,2357.13,-1.0
2022-11-11,2405.32,-1.0
2022-11-14,2375.21,-1.0
2022-11-15,2431.73,-1.0
2022-11-16,2402.91,-1.0
2022-11-17,2385.86,-1.0
2022-11-18,2389.76,-1.0
2022-11-21,2387.3,-1.0
2022-11-22,2343.55,-1.0
2022-11-23,2340.34,-1.0
2022-11-24,2335.52,-1.0
2022-11-25,2309.36,-1.0
2022-11-28,2298.8,-1.0
2022-11-29,2339.79,-1.0
2022-11-30,2345.31,-1.0
2022-12-01,2381.18,-1.0
2022-12-02,2383.32,1.0
2022-12-05,2377.11,1.0
2022-12-06,2393.28,1.0
2022-12-07,2414.04,1.0
2022-12-08,2411.81,1.0
2022-12-09,2420.63,1.0
2022-12-12,2401.52,1.0
2022-12-13,2376.2,1.0
2022-12-14,2368.08,1.0
2022-12-15,2399.12,-1.0
2022-12-16,2373.72,-1.0
2022-12-19,2346.7,-1.0
2022-12-20,2310.8,-1.0
2022-12-21,2303.7,-1.0
2022-12-22,2295.32,-1.0
2022-12-23,2286.19,-1.0
2022-12-26,2331.41,-1.0
2022-12-27,2359.5,-1.0
2022-12-28,2338.26,-1.0
2022-12-29,2349.38,-1.0
2022-12-30,2346.77,1.0
2023-01-03,2356.42,1.0
2023-01-04,2335.12,-1.0
2023-01-05,2399.46,-1.0
2023-01-06,2422.14,1.0
2023-01-09,2440.37,1.0
2023-01-10,2474.01,1.0
2023-01-11,2445.97,1.0
2023-01-12,2458.49,1.0
2023-01-13,2493.13,1.0
2023-01-16,2539.52,1.0
2023-01-17,2545.55,1.0
2023-01-18,2543.9,1.0
2023-01-19,2571.44,1.0
2023-01-20,2585.96,1.0
2023-01-30,2613.89,1.0
2023-01-31,2580.84,1.0
2023-02-01,2613.69,1.0
2023-02-02,2602.32,-1.0
2023-02-03,2580.11,-1.0
2023-02-06,2544.09,-1.0
2023-02-07,2537.97,-1.0
2023-02-08,2525.88,-1.0
2023-02-09,2569.73,-1.0
2023-02-10,2545.16,-1.0
2023-02-13,2573.18,-1.0
2023-02-14,2565.15,-1.0
2023-02-15,2547.2,-1.0
2023-02-16,2512.5,-1.0
2023-02-17,2449.35,-1.0
2023-02-20,2480.79,-1.0
2023-02-21,2469.81,-1.0
2023-02-22,2451.9,-1.0
2023-02-23,2457.48,-1.0
2023-02-24,2428.94,-1.0
2023-02-27,2409.79,-1.0
2023-02-28,2429.03,-1.0
2023-03-01,2443.95,-1.0
2023-03-02,2418.6,-1.0
2023-03-03,2422.44,-1.0
2023-03-06,2431.56,-1.0
2023-03-07,2383.73,-1.0
2023-03-08,2377.58,1.0
2023-03-09,2372.68,1.0
2023-03-10,2370.36,-1.0
2023-03-13,2357.07,-1.0
2023-03-14,2343.11,-1.0
2023-03-15,2337.46,-1.0
2023-03-16,2302.05,-1.0
2023-03-17,2293.67,-1.0
2023-03-20,2291.92,-1.0
2023-03-21,2337.26,-1.0
2023-03-22,2341.92,1.0
2023-03-23,2361.41,1.0
2023-03-24,2370.38,1.0
2023-03-27,2398.02,1.0
2023-03-28,2369.17,1.0
2023-03-29,2371.19,1.0
2023-03-30,2383.04,1.0
2023-03-31,2399.5,1.0
2023-04-03,2440.21,1.0
2023-04-04,2421.65,1.0
2023-04-06,2426.57,1.0
2023-04-07,2446.95,1.0
2023-04-10,2443.52,1.0
2023-04-11,2439.4,1.0
2023-04-12,2429.29,1.0
2023-04-13,2405.76,1.0
2023-04-14,2428.09,1.0
2023-04-17,2434.44,1.0
2023-04-18,2431.1,1.0
2023-04-19,2415.76,1.0
2023-04-20,2386.67,1.0
2023-04-21,2341.19,1.0
2023-04-24,2301.24,1.0
2023-04-25,2259.19,1.0
2023-04-26,2294.06,-1.0
2023-04-27,2307.27,-1.0
2023-04-28,2324.72,-1.0
2023-05-04,2297.67,-1.0
2023-05-05,2267.63,-1.0
2023-05-08,2273.4,-1.0
2023-05-09,2245.82,-1.0
2023-05-10,2262.22,-1.0
2023-05-11,2276.57,-1.0
2023-05-12,2252.38,-1.0
2023-05-15,2299.93,-1.0
